evidence_id,claim,value,unit,tier,source_name,url,publication_date,effective_date,access_date,confidence,status,ttl,snapshot_path,collecting_agent,supersedes,conflict_id,notes
EV-2026-08-09-101,750 ml sisede kopuksuz sarap Turk tarifesinde 2204.21 alt pozisyonunda (muhtevasi 2 litreyi gecmeyen kaplarda olanlar) siniflandirilir; 12 haneli GTIP bu alt pozisyonun altindadir.,2204.21.xx.xx.xx,GTIP,T1,Isvicre/Lihtenstayn Tarife Kontenjani Karari (CBK 4559) ekli tablo + Ithalat Rejimi Karari I sayili Liste 2026 (21-22. Fasillar) GTIP satirlari,https://ticaret.gov.tr/data/5ba234df13b87610d0a0331d/%C4%B0svi%C3%A7re%20Karar.docx,2021-10-01,2021-10-01,2026-08-09,HIGH,FACT,1y,10-evidence/raw/snapshots/gumruk-vergi/Isvicre-Lihtenstayn-tarife-kontenjani-karar-metin.txt,gumruk-vergi-uzmani,-,-,"CBK tablosunda ""2204.21 | Muhtevasi 2 litre veya daha az kaplarda olanlar"" ifadesi resmi metinde acik. 12 haneli alt kirilim (ABV / PDO-PGI) TGTC 2026 PDF taranmis goruntu oldugu icin okunamadi -> bkz. EV-2026-08-09-102 uzerinden vergi yuku degismedigi gosterildi."
EV-2026-08-09-102,Ithalat Rejimi Karari I sayili Liste 2026 icinde 2204.21 / 2204.22 / 2204.29 alt pozisyonlarindaki 113 GTIP satirinin tamaminda AB-BK sutunu %50 ve DU sutunu %70 ile aynidir; 12 haneli alt kirilim gumruk vergisi oranini DEGISTIRMEZ.,"113 satirda AB,BK=50 ; DU=70 (tekduze)",%,T1,"T.C. Ticaret Bakanligi - Ithalat Rejimi Karari (3350) ekli listeler, konsolide 2026 paketi (I sayili Liste, 21-22. Fasillar)",https://ticaret.gov.tr/data/68d2951f13b876c2509a480b/rejim%202026.zip,2026-07-17,2026-01-01,2026-08-09,HIGH,FACT,90d,10-evidence/raw/snapshots/gumruk-vergi/ithalat-rejimi-2026-I-sayili-liste-2204-satirlari.csv,gumruk-vergi-uzmani,-,-,"Programatik kontrol: 2204.21/22/29 ile baslayan tum GTIP satirlari gruplandirildi; AB,BK ve DU sutunlari icin tek deger cikti. Yalniz KOS sutunu 220421310000 ve 220421610000 satirlarinda 70, digerlerinde 0."
EV-2026-08-09-103,AB uyesi ulkeler ve Birlesik Krallik mensei 2204.21 sarap ithalatinda gumruk vergisi orani %50dir (sifir DEGILDIR; Gumruk Birligi sarabi kapsamaz).,50,%,T1,"T.C. Ticaret Bakanligi - Ithalat Rejimi Karari (3350) ekli listeler, konsolide 2026 paketi (I sayili Liste, 21-22. Fasillar)",https://ticaret.gov.tr/data/68d2951f13b876c2509a480b/rejim%202026.zip,2026-07-17,2026-01-01,2026-08-09,HIGH,FACT,90d,10-evidence/raw/snapshots/gumruk-vergi/ithalat-rejimi-2026-I-sayili-liste-2204-satirlari.csv,gumruk-vergi-uzmani,-,-,"Sutun basligi ""AB, BK"". Kisaltmalar dosyasi: AB = Avrupa Birligi Uyesi Ulkeler, BK = Buyuk Britanya ve Kuzey Irlanda Birlesik Kralligi. Ispanya/Italya/Fransa/Portekiz bu sutundadir."
EV-2026-08-09-104,"Diger Ulkeler (DU) mensei 2204.21 sarap ithalatinda gumruk vergisi orani %70tir; ABD, Guney Afrika, Avustralya ve Arjantin bu sutuna girer.",70,%,T1,"T.C. Ticaret Bakanligi - Ithalat Rejimi Karari (3350) ekli listeler, konsolide 2026 paketi (I sayili Liste, 21-22. Fasillar)",https://ticaret.gov.tr/data/68d2951f13b876c2509a480b/rejim%202026.zip,2026-07-17,2026-01-01,2026-08-09,HIGH,FACT,90d,10-evidence/raw/snapshots/gumruk-vergi/ithalat-rejimi-2026-I-sayili-liste-2204-satirlari.csv,gumruk-vergi-uzmani,-,-,"ABD/G.Afrika/Avustralya/Arjantin I sayili Liste 21-22. Fasillar sutun basliklarinda (AB-BK, GUR, B-HER, G.KORE, MLZ, SNG, KOS, VNZ, BAE, TPS-OIC, D-8, DU) ayri sutun olarak yer almiyor -> DU sutunu uygulanir. Benchmark urun (Gold Country, California/ABD) bu gruptadir."
EV-2026-08-09-105,Sili Cumhuriyeti mensei 2204.21 sarapta gumruk vergisi %50 olarak uygulanir (I sayili Liste 21-22. Fasillar dipnot 2).,50,%,T1,"T.C. Ticaret Bakanligi - Ithalat Rejimi Karari (3350) ekli listeler, konsolide 2026 paketi (I sayili Liste, 21-22. Fasillar) - dipnot (2)",https://ticaret.gov.tr/data/68d2951f13b876c2509a480b/rejim%202026.zip,2026-07-17,2026-01-01,2026-08-09,HIGH,FACT,90d,10-evidence/raw/snapshots/gumruk-vergi/ithalat-rejimi-2026-I-sayili-liste-2204-satirlari.csv,gumruk-vergi-uzmani,-,-,"Dipnot metni: ""(2) Sili Cumhuriyeti icin gumruk vergisi %50 olarak uygulanir."" 2204.21 satirlarinin DIPNOT sutunu ""1.2"" yani dipnot 1 ve 2 gecerli."
EV-2026-08-09-106,"2204.21 sarapta sifir gumruk vergili mense ulkeler: Bosna-Hersek, Guney Kore, Singapur, Kosova (%0). Kuzey Makedonya DU oraninin %50si (=%35), Venezuela %35, BAE %49.",B-HER=0; G.KORE=0; SNG=0; KOS=0; K.Makedonya=35; VNZ=35; BAE=49; GUR=70; MLZ=70; TPS-OIC=70; D-8=70,%,T1,"T.C. Ticaret Bakanligi - Ithalat Rejimi Karari (3350) ekli listeler, konsolide 2026 paketi (I sayili Liste, 21-22. Fasillar) - sutunlar ve dipnot (1)",https://ticaret.gov.tr/data/68d2951f13b876c2509a480b/rejim%202026.zip,2026-07-17,2026-01-01,2026-08-09,HIGH,FACT,90d,10-evidence/raw/snapshots/gumruk-vergi/ithalat-rejimi-2026-I-sayili-liste-2204-satirlari.csv,gumruk-vergi-uzmani,-,-,Dipnot 1: Kuzey Makedonya icin DU sutunundaki gumruk vergisinin %50si. KOS sutunu 220421310000 ve 220421610000 icin 70; diger tum 2204.21 satirlari icin 0.
EV-2026-08-09-107,"2204 (sarap) Ithalatta Ilave Gumruk Vergisi (IGV) Karari 3351 ekli EK-1, EK-2 ve EK-3 tablolarinda yer almamaktadir; sarapta IGV YOKTUR.",YOK,-,T1,T.C. Ticaret Bakanligi - Ithalatta Ilave Gumruk Vergisi Uygulanmasina Iliskin Karar (3351) konsolide EK-1/EK-2/EK-3 tablolari,https://ticaret.gov.tr/data/63bd486013b8763b44f9da6c/%C4%B0GV.zip,2026-08-09,2026-01-01,2026-08-09,MEDIUM,FACT,90d,-,gumruk-vergi-uzmani,-,-,"NEGATIF BULGU. Uc EK tablosunun tamami programatik olarak ""2204"" icin tarandi; tek eslesme 8502.20.40.xx (substring) idi, sarap satiri yok. Snapshot alinmadi (dosya buyuk); URL uzerinden yeniden dogrulanabilir."
EV-2026-08-09-108,"AB mensei tarim urunleri tarife kontenjani sadece 2204.10 (kopuklu saraplar) icin acilmistir: 750 hl/yil, 01.01-31.12, kontenjan ici ithalat vergisi %35. Kopuksuz sarap (2204.21) icin AB tarife kontenjani YOKTUR.","2204.10: 750 hl/yil, %35 ; 2204.21: kontenjan yok",hl / %,T1,"Avrupa Birligi Menseli Bazi Tarim Urunleri Ithalatinda Tarife Kontenjani Uygulanmasi Hakkinda Karar (2006/11439), 1/98 sayili Ortaklik Konseyi Karari cercevesinde",https://ticaret.gov.tr/data/5ba234df13b87610d0a0331d/AB%20Karar.docx,2006-12-30,2007-01-01,2026-08-09,HIGH,FACT,180d,10-evidence/raw/snapshots/gumruk-vergi/AB-tarim-tarife-kontenjani-karar-metin.txt,gumruk-vergi-uzmani,-,-,KRITIK NEGATIF BULGU: 750 ml kopuksuz sarapta AB mensei icin tarife kontenjani yolu ile indirim imkani yok; %50 tam oran uygulanir.
EV-2026-08-09-109,Isvicre Konfederasyonu veya Lihtenstayn Prensligi mensei 2204.21 sarap icin yillik 30.000 litre tarife kontenjani vardir; kontenjan icinde DU sutunundaki gumruk vergisinin %50si uygulanir (=%35).,"30.000 lt/yil, DU oraninin %50si (= %35)",litre / %,T1,Isvicre Konfederasyonu veya Lihtenstayn Prensligi Menseli Bazi Urunlerin Ithalatinda Tarife Kontenjani Uygulanmasi Hakkinda Karar (CBK 4559),https://ticaret.gov.tr/data/5ba234df13b87610d0a0331d/%C4%B0svi%C3%A7re%20Karar.docx,2021-10-01,2021-10-01,2026-08-09,HIGH,FACT,180d,10-evidence/raw/snapshots/gumruk-vergi/Isvicre-Lihtenstayn-tarife-kontenjani-karar-metin.txt,gumruk-vergi-uzmani,-,-,"Dipnot (i): ""Ithalat Rejimi Kararinin DU sutununda yer alan gumruk vergisi ile varsa ek mali yukumluluklerin %50si uygulanir."" 30.000 lt = 40.000 sise/yil, tum ithalatcilar icin toplam. Isvicre sarabi fiyat/performans segmenti disinda oldugu icin pratik degeri dusuk."
EV-2026-08-09-110,OTV Kanununa ekli (III) sayili listenin (A) cetvelinde 22.04 (taze uzum sarabi; 2204.10 kopuklu ve 2204.30 uzum sirasi haric) icin nispi OTV orani %0dir.,0,%,T2,"Gelir Idaresi Baskanligi - OTV (III) sayili liste, 4760 sayili Kanunun 12/3 maddesi uyarinca guncellenen liste",https://cdn.gib.gov.tr/api/gibportal-file/file/getFileResources?objectKey=arsiv/yardim-kaynaklar/yararli-bilgiler/ozel-tuketim-vergisi-oranlari/03072026_3sayili.pdf,2026-07-03,2026-07-03,2026-08-09,HIGH,FACT,30d,10-evidence/raw/snapshots/gumruk-vergi/GIB-OTV-III-sayili-liste-yururluk-2026-07-03.pdf,gumruk-vergi-uzmani,-,-,Nispi oran %0 oldugundan sarapta OTV fiilen tamamen asgari maktu vergi tutari uzerinden hesaplanir (bkz. EV-2026-08-09-111 ve -113).
EV-2026-08-09-111,"22.04 kopuksuz taze uzum sarabi icin asgari maktu OTV tutari 71,2692 TL/litredir (yururluk 3/7/2026).","71,2692",TL/litre,T2,"Gelir Idaresi Baskanligi - OTV (III) sayili liste (A) cetveli, 4760 sayili Kanunun (12/3) maddesi uyarinca guncellenen liste, Yururluk: 3/7/2026",https://cdn.gib.gov.tr/api/gibportal-file/file/getFileResources?objectKey=arsiv/yardim-kaynaklar/yararli-bilgiler/ozel-tuketim-vergisi-oranlari/03072026_3sayili.pdf,2026-07-03,2026-07-03,2026-08-09,HIGH,FACT,30d,10-evidence/raw/snapshots/gumruk-vergi/GIB-OTV-III-sayili-liste-yururluk-2026-07-03.pdf,gumruk-vergi-uzmani,EV-2026-08-09-112,C-101,"PROJENIN EN KRITIK TEK SAYISI. 750 ml sise icin OTV = 0,75 x 71,2692 = 53,4519 TL/sise. Bir onceki tutar 61,3914 TL/lt (31/12/2025-2/7/2026); artis +%16,09. Sonraki otomatik guncelleme Ocak 2027 (OTVK md.12/3), CB aksine karar vermedikce. ttl 30d."
EV-2026-08-09-112,"22.04 kopuksuz taze uzum sarabi icin asgari maktu OTV tutari 61,3914 TL/litre idi (yururluk 31/12/2025, CBK 10799).","61,3914",TL/litre,T1,"31/12/2025 tarihli ve 10799 sayili Cumhurbaskani Karari (RG 31/12/2025, 33124 5. Mukerrer) ile degisen (III) sayili liste - GIB yayini",https://cdn.gib.gov.tr/api/gibportal-file/file/getFileResources?objectKey=arsiv/yardim-kaynaklar/yararli-bilgiler/ozel-tuketim-vergisi-oranlari/31122025_3sayili.pdf,2025-12-31,2025-12-31,2026-08-09,HIGH,SUPERSEDED,0d,10-evidence/raw/snapshots/gumruk-vergi/GIB-OTV-III-sayili-liste-yururluk-2025-12-31.pdf,gumruk-vergi-uzmani,-,C-101,"EV-2026-08-09-111 tarafindan gecersiz kilindi. Kayit, mevzuat.gov.tr konsolide kanun metninin hala bu tutari gostermesi nedeniyle saklaniyor (bkz. C-101). CBK 10799 ayrica OTVK 12/3 otomatik guncellemesinin 2026 Ocak-Haziran donemi icin uygulanmayacagini hukme baglamisti."
EV-2026-08-09-113,(III) sayili listenin (A) cetvelindeki mallarda asgari maktu vergi tutari 22.04 icin HER BIR LITRE itibariyla uygulanir; ve bu mallarda asgari maktu tutara gore hesaplanan vergiden az olmamak uzere YALNIZCA nispi vergi uygulanir.,birim = her bir litre; OTV = max(nispi OTV; asgari maktu x litre),-,T1,4760 sayili Ozel Tuketim Vergisi Kanunu md. 11/2-a ve md. 11/5,https://www.mevzuat.gov.tr/mevzuatmetin/1.5.4760.pdf,2002-06-12,2012-06-15,2026-08-09,HIGH,FACT,1y,10-evidence/raw/snapshots/gumruk-vergi/OTV-Kanunu-4760-md11-md12-alinti.txt,gumruk-vergi-uzmani,-,-,"md.11/2-a: ""...22.04, 22.05 (2205.10.90.00.12 haric) ve 2206.00 G.T.I.P. numarali mallar icin her bir litre..."" md.11/5 (Degisik: 6322 s. K.): ""asgari maktu vergi tutarlarina gore hesaplanacak vergi tutarindan az olmamak uzere yalnizca nispi vergi uygulanir."" Nispi oran %0 oldugu icin sarapta OTV = asgari maktu x litre."
EV-2026-08-09-114,"(III) sayili listedeki asgari maktu vergi tutarlari ocak ve temmuz aylarinda TUIK uretici fiyat endeksindeki son alti aylik degisim oraninda, degisimin ilani gununden gecerli olmak uzere kendiliginden yeniden belirlenmis sayilir; Cumhurbaskani uygulanmamasina karar verebilir.","Ocak + Temmuz, Yi-UFE son 6 ay degisimi, otomatik",-,T1,4760 sayili Ozel Tuketim Vergisi Kanunu md. 12/3,https://www.mevzuat.gov.tr/mevzuatmetin/1.5.4760.pdf,2002-06-12,2012-06-15,2026-08-09,HIGH,FACT,1y,10-evidence/raw/snapshots/gumruk-vergi/OTV-Kanunu-4760-md11-md12-alinti.txt,gumruk-vergi-uzmani,-,-,"3/7/2026 tarihli guncelleme tam olarak bu maddeye dayanir (GIB liste basligi: ""4760 sayili Ozel Tuketim Vergisi Kanununun (12/3) maddesi uyarinca guncellenen liste""). 61,3914 -> 71,2692 = +%16,09. MODELDE OTV TUTARI SABIT ALINAMAZ."
EV-2026-08-09-115,Ithalatta (III) sayili liste (A) cetveli mallarinda OTV matrahi: gumruk vergisi tarhina esas kiymet (CIF) + ithalat sirasinda odenen her turlu vergi/resim/harc/pay (OTV ve KDV HARIC) + gumruk beyannamesinin tescil tarihine kadar yapilan diger gider ve odemelerden vergilendirilmeyenler.,CIF + gumruk vergisi + diger ithalat yukumlulukleri (OTV ve KDV haric),-,T1,"Ozel Tuketim Vergisi (III) Sayili Liste Uygulama Genel Tebligi, III/A-1.2 ""Ithalatta Matrah"" (4760 md.11/3 + 3065 md.21)",https://www.mevzuat.gov.tr/anasayfa/MevzuatFihristDetayIframe?MevzuatTur=9&MevzuatNo=21034&MevzuatTertip=5,2015-08-08,2015-08-08,2026-08-09,HIGH,FACT,1y,10-evidence/raw/snapshots/gumruk-vergi/OTV-III-sayili-liste-uygulama-genel-tebligi-alinti.txt,gumruk-vergi-uzmani,-,-,"OTV matrahina GUMRUK VERGISI DAHILDIR. Sarapta nispi oran %0 oldugu icin bu matrah pratikte OTV tutarini degistirmez, fakat KDV matrahinin kurulusunda zincir olarak onemlidir."
EV-2026-08-09-116,"OTV (III)/A Uygulama Genel Tebligi, saraplarda verginin 75 cl sise icin ""0,75 lt x asgari maktu vergi tutari"" seklinde hesaplanacagini ornekle gostermektedir.",OTV = sise hacmi (lt) x asgari maktu tutar (TL/lt),-,T1,"Ozel Tuketim Vergisi (III) Sayili Liste Uygulama Genel Tebligi, III/B-1.3 ""Saraplarda ... Verginin Hesabi""",https://www.mevzuat.gov.tr/anasayfa/MevzuatFihristDetayIframe?MevzuatTur=9&MevzuatNo=21034&MevzuatTertip=5,2015-08-08,2015-08-08,2026-08-09,HIGH,FACT,1y,10-evidence/raw/snapshots/gumruk-vergi/OTV-III-sayili-liste-uygulama-genel-tebligi-alinti.txt,gumruk-vergi-uzmani,-,-,"Teblig ornegi (13/7/2015 tutarlariyla): 75 cl kopuklu sarap -> 0,75 lt x 32,7229 TL = 24,542175 TL. Ayni yontem 22.04 icin gecerlidir. 2026-07-03 tutariyla 750 ml kopuksuz sarap: 0,75 x 71,2692 = 53,4519 TL/sise."
EV-2026-08-09-117,"Ithalatta KDV matrahi = gumruk vergisi tarhina esas kiymet (CIF) + ithalat sirasinda odenen her turlu vergi, resim, harc ve paylar + gumruk beyannamesinin tescil tarihine kadar yapilan diger gider ve odemelerden vergilendirilmeyenler.",CIF + gumruk vergisi + OTV + KKDF + tescile kadarki diger giderler,-,T1,3065 sayili Katma Deger Vergisi Kanunu md. 21,https://www.mevzuat.gov.tr/mevzuatmetin/1.5.3065.pdf,1984-11-02,1985-01-01,2026-08-09,HIGH,FACT,1y,10-evidence/raw/snapshots/gumruk-vergi/KDV-Kanunu-3065-md21-md28-alinti.txt,gumruk-vergi-uzmani,-,-,"OTV ""ithalat sirasinda odenen bir vergi"" oldugundan md.21/b uyarinca KDV matrahina DAHILDIR. Bunun dogrulayici karsi kaniti: OTVK md.11/3, OTV matrahini ""hesaplanacak OTV haric KDV matrahini olusturan unsurlar"" olarak tanimlar - yani OTV aksi belirtilmeseydi KDV matrahinda yer alirdi."
EV-2026-08-09-118,Genel KDV orani %20dir (10/07/2023ten itibaren); sarap (2204.21) 2007/13033 sayili Karara ekli (I) ve (II) sayili indirimli oran listelerinde yer almaz.,20,%,T2,"Gelir Idaresi Baskanligi - Guncel KDV Oranlari: Mal ve Hizmetlere Uygulanacak KDV Oranlarinin Tespitine Iliskin Karar (2007/13033) konsolide metin, md.1/a (7346 sayili CB Karari ile degisik)",https://cdn.gib.gov.tr/api/gibportal-file/file/getFileResources?objectKey=arsiv/yardim-kaynaklar/yararli-bilgiler/kdv-oranlari.pdf,2023-07-07,2023-07-10,2026-08-09,HIGH,FACT,90d,10-evidence/raw/snapshots/gumruk-vergi/GIB-guncel-KDV-oranlari-2007-13033-konsolide.pdf,gumruk-vergi-uzmani,-,-,"(I) sayili listenin 22. fasil satiri yalniz 22.01, 2202.10.00.00.19, 2202.90, 2204.30, 2209.00.91.00.00, 2209.00.99.00.00 ve bazi gazoz GTIPlerini kapsar; 2204.21 YOK. Konsolide metnin tamaminda ""2204"" yalnizca 2204.30 olarak geciyor. Kaynak T2 (GIB), dayanak T1 (7346 sayili CBK, RG 07.07.2023/32241) taranmis goruntu oldugu icin metni okunamadi."
EV-2026-08-09-119,"Kabul kredili, vadeli akreditif ve mal mukabili odeme sekillerine gore yapilan ithalatta KKDF kesintisi orani %6dir; bu uc odeme sekli disindaki (pesin) ithalatta KKDF dogmaz.",6,%,T1,"12/10/2011 tarihli ve 2011/2304 sayili Bakanlar Kurulu Karari eki Karar md.4 (RG 13/10/2011, 28083)",https://www.resmigazete.gov.tr/eskiler/2011/10/20111013-1-1-1.doc,2011-10-13,2011-10-13,2026-08-09,HIGH,FACT,180d,10-evidence/raw/snapshots/gumruk-vergi/KKDF-2011-2304-madde4-alinti.txt,gumruk-vergi-uzmani,-,-,"Karar metni: ""MADDE 4- Kabul kredili, vadeli akreditif ve mal mukabili odeme sekillerine gore yapilan ithalatta Kaynak Kullanimini Destekleme Fonu kesintisi orani %6 olarak tespit edilmistir."" Oran YALNIZCA bu odeme sekilleri icin tanimli. KKDF MATRAHININ tam tanimi (mal bedeli mi CIF mi) bu Kararda yok -> UNKNOWN, bkz. T-105."
EV-2026-08-09-120,"Gumruk kiymetine, Turkiyedeki giris liman/yerine kadar yapilan nakliye ve sigorta giderleri ile giris yerine kadar yukleme ve ellecleme giderleri DAHILDIR; royalti ve lisans ucretleri satis kosulu ise dahildir; ambalaj bedeli dahildir.",navlun + sigorta + giris yerine kadar yukleme/ellecleme + satis kosulu royalti + ambalaj DAHIL,-,T1,"4458 sayili Gumruk Kanunu md. 27/1 (a,c,e bentleri)",https://www.mevzuat.gov.tr/mevzuatmetin/1.5.4458.doc,1999-11-04,2000-02-05,2026-08-09,HIGH,FACT,1y,10-evidence/raw/snapshots/gumruk-vergi/Gumruk-Kanunu-4458-md27-md28-alinti.txt,gumruk-vergi-uzmani,-,-,Sonuc: gumruk kiymeti fiilen CIF esaslidir. FOB alimda navlun+sigorta kiymete eklenir. md.27/5: Turkiyede cogaltma hakki odemeleri ve satis kosulu olmayan dagitim/tekrar satis hakki odemeleri EKLENMEZ.
EV-2026-08-09-121,"Gumruk kiymetine DAHIL EDILMEYEN unsurlar: giris yerine varistan sonraki nakliye ve sigorta, ithalattan sonraki montaj/bakim, finansman faizi (kosullu), Turkiyede cogaltma hakki odemeleri, satin alma komisyonlari ve Turkiyede odenecek ithalat vergileri.","yurt ici nakliye, alis (satin alma) komisyonu, faiz, ithalat vergileri HARIC",-,T1,4458 sayili Gumruk Kanunu md. 28 (a-f bentleri),https://www.mevzuat.gov.tr/mevzuatmetin/1.5.4458.doc,1999-11-04,2000-02-05,2026-08-09,HIGH,FACT,1y,10-evidence/raw/snapshots/gumruk-vergi/Gumruk-Kanunu-4458-md27-md28-alinti.txt,gumruk-vergi-uzmani,-,-,Kosul: bu giderlerin fiilen odenen veya odenecek fiyattan AYIRT EDILEBILIR olmasi gerekir. Satim (satis) komisyonu ise md.27/1-a-i uyarinca DAHILDIR; yalnizca SATIN ALMA komisyonu haric.
EV-2026-08-09-122,"Ithalatta gumruk yukumlulugu, serbest dolasima giris beyannamesinin TESCIL TARIHINDE baslar; antrepo rejiminde esyanin kalis suresi sinirsizdir.",vergi dogus ani = serbest dolasima giris beyannamesi tescil tarihi; antrepo suresi sinirsiz,-,T1,4458 sayili Gumruk Kanunu md. 181/1-a ve md. 101/1,https://www.mevzuat.gov.tr/mevzuatmetin/1.5.4458.doc,1999-11-04,2000-02-05,2026-08-09,HIGH,FACT,1y,10-evidence/raw/snapshots/gumruk-vergi/Gumruk-Kanunu-4458-md27-md28-alinti.txt,gumruk-vergi-uzmani,-,-,"Sonuc: antrepoya alista gumruk vergisi/OTV/KDV DOGMAZ; antrepodan serbest dolasima cikista dogar. Nakit akisi acisindan vergi odemesi satis takvimine yaklastirilabilir. ANCAK ""kismi cekis"" imkani bu kanitla dogrulanmadi -> T-101."
EV-2026-08-09-123,Ithalde alinan OTV ilgili gumruk idaresince hesaplanir ve ithalat vergileri ile AYNI ZAMANDA odenir.,OTV odeme ani = ithalat vergileri ile ayni an (gumrukte),-,T1,4760 sayili Ozel Tuketim Vergisi Kanunu md. 14/3,https://www.mevzuat.gov.tr/mevzuatmetin/1.5.4760.pdf,2002-06-12,2002-08-01,2026-08-09,HIGH,FACT,1y,10-evidence/raw/snapshots/gumruk-vergi/OTV-Kanunu-4760-md11-md12-alinti.txt,gumruk-vergi-uzmani,-,-,md.16/1: ithalde alinan OTV gumruk makbuzunda ayrica gosterilir. md.16/2: ithalat vergileri teminata baglanan mallarda OTV de ayni usule tabidir.
EV-2026-08-09-124,(III) sayili listedeki mallarin ithalati BIR DEFAYA MAHSUS OTVye tabidir; OTV indirimi yalnizca verginin ayni listedeki baska bir malin imalinde kullanilmasi halinde mumkundur.,OTV tek asamali; yeniden satista OTV dogmaz; ithalatci-satici icin OTV indirilemez -> MALIYETTIR,-,T1,4760 sayili Ozel Tuketim Vergisi Kanunu md. 1/1-c ve md. 9,https://www.mevzuat.gov.tr/mevzuatmetin/1.5.4760.pdf,2002-06-12,2002-08-01,2026-08-09,HIGH,FACT,1y,10-evidence/raw/snapshots/gumruk-vergi/OTV-Kanunu-4760-md11-md12-alinti.txt,gumruk-vergi-uzmani,-,-,"Siselenmis bitmis urun ithal edip yurt icinde satan bir ithalatci OTVyi indiremez; OTV dogrudan ekonomik maliyettir ve L4 icinde kalir. Bu, KDVden temel farkidir."
EV-2026-08-09-125,"Mevzuat Bilgi Sistemi tebliğ veri tabaninda 2204.21 / 2204.29 / 22.04 tam metin aramasinda hicbir ""Ithalatta Gozetim Uygulanmasina Iliskin Teblig"" eslesmemistir; sarapta yururlukte birim kiymet esigine dayali gozetim uygulamasi tespit edilememistir.",Gozetim tebligi bulunamadi,-,T2,T.C. Cumhurbaskanligi Mevzuat Bilgi Sistemi - Tebligler tam metin aramasi (MevzuatDatatable),https://www.mevzuat.gov.tr/,2026-08-09,2026-08-09,2026-08-09,MEDIUM,UNKNOWN,30d,-,gumruk-vergi-uzmani,-,-,"NEGATIF ARAMA SONUCU - yoklugun kaniti degildir. ""2204.21"" icin 18 eslesme cikti, hepsi TAPDK/Tarim Bakanligi alkol tebligleri. Kontrol amaciyla bilinen bir gozetim GTIPi (""8536.20.10.00.11"") arandi ve Teblig 2008/11 dogru sekilde bulundu -> arama yontemi calisiyor. Yine de gumruk idaresinin GK md.24-31 kapsaminda kiymet arastirmasi yapma yetkisi saklidir."
EV-2026-08-09-126,Gumruk vergisi orani ithal esyanin CIF kiymeti uzerinden hesaplanir ve oranlar Ithalat Rejimi Kararina ekli listelerde ulke/ulke gruplari bazinda ayri sutunlarda gosterilir.,gumruk vergisi matrahi = CIF kiymet,-,T2,"T.C. Ticaret Bakanligi - Gumruk Rehberi, ""Ithalattan alinan baslica vergilerle ilgili temel bilgiler""",https://gumrukrehberi.gov.tr/sayfa/ithalattan-al%C4%B1nan-ba%C5%9Fl%C4%B1ca-vergilerle-ilgili-temel-bilgiler,2018-10-26,2018-10-26,2026-08-09,MEDIUM,FACT,90d,-,gumruk-vergi-uzmani,-,-,"DIKKAT: Sayfanin revizyon tarihi 26.10.2018 ve KDV genel oranini hala %18 olarak gosteriyor -> ORAN BILGISI BAYAT, yalnizca YAPISAL ifade (matrah = CIF) icin kullanildi. Oran icin EV-2026-08-09-118 esastir."
EV-2026-08-09-201,Piyasaya arz edilecek alkollu icki ithalatinda firmalar Kuruma (Tarim ve Orman Bakanligi/TADAB) 'alkollu icki bildirimi' yapmak zorundadir; alkollu ickide 'ithalata uygunluk belgesi' degil BILDIRIM rejimi uygulanir.,alkollu icki bildirimi zorunlu,-,T1,Resmi Gazete 6/6/2003-25130 | Alkol ve Alkollu Ickilerin Ic ve Dis Ticaretine Iliskin Usul ve Esaslar Hakkinda Yonetmelik (TADAB konsolide metin),https://www.tarimorman.gov.tr/TADAB/Belgeler/Alkoll%C3%BC%20%C4%B0%C3%A7kiler/%C4%B0lgili%20Mevzuat%20D%C3%BCzenlemeleri/7.5.6203-yonetmelik.pdf,2003-06-06,2008-02-22,2026-08-09,HIGH,FACT,180d,10-evidence/raw/snapshots/EV-2026-08-09-2xx_ticaret-yonetmeligi-7.5.6203.pdf,mevzuat-ruhsat-uzmani,-,-,Madde 5 ikinci fikra (Ek: RG-22/2/2008-26795). Ek-1B'de yer alan alkollu ickiler icin. Etil alkol/metanol icin ise ithalata uygunluk belgesi gerekir (Madde 5/1) - sarap icin gecerli degil.
EV-2026-08-09-202,"Alkollu icki bildirimi, ihracatci ulkede cikis islemleri TAMAMLANMADAN ONCE Kuruma intikal ettirilmelidir; bildirim marka bazinda duzenlenir.",cikis oncesi bildirim,-,T1,Resmi Gazete 6/6/2003-25130 | Alkol ve Alkollu Ickilerin Ic ve Dis Ticaretine Iliskin Usul ve Esaslar Hakkinda Yonetmelik (TADAB konsolide metin),https://www.tarimorman.gov.tr/TADAB/Belgeler/Alkoll%C3%BC%20%C4%B0%C3%A7kiler/%C4%B0lgili%20Mevzuat%20D%C3%BCzenlemeleri/7.5.6203-yonetmelik.pdf,2003-06-06,2008-02-22,2026-08-09,HIGH,FACT,180d,10-evidence/raw/snapshots/EV-2026-08-09-2xx_ticaret-yonetmeligi-7.5.6203.pdf,mevzuat-ruhsat-uzmani,-,-,Madde 6 birinci fikra. Belgeler dilekce giris kaydini takip eden en gec 15 gun icinde teslim edilir (Madde 6). Takvim acisindan kritik: yukleme oncesi adim.
EV-2026-08-09-203,"Dagitim yetki belgesi olmadan alkollu icki ITHALATI YAPILAMAZ; belge gecerlilik suresi iki yildir; basvuruda hesaplanan bedelin dortte biri, bakiyesi belge verilirken tahsil edilir.",2,yil,T1,Resmi Gazete 6/6/2003-25130 | Alkol ve Alkollu Ickilerin Ic ve Dis Ticaretine Iliskin Usul ve Esaslar Hakkinda Yonetmelik (TADAB konsolide metin),https://www.tarimorman.gov.tr/TADAB/Belgeler/Alkoll%C3%BC%20%C4%B0%C3%A7kiler/%C4%B0lgili%20Mevzuat%20D%C3%BCzenlemeleri/7.5.6203-yonetmelik.pdf,2003-06-06,2015-12-31,2026-08-09,HIGH,FACT,180d,10-evidence/raw/snapshots/EV-2026-08-09-2xx_ticaret-yonetmeligi-7.5.6203.pdf,mevzuat-ruhsat-uzmani,-,-,Madde 12 birinci fikra (Degisik: RG-31/12/2015-29579). Yenileme basvurusu sure bitiminden 30 gun once yapilir. Sure icinde yenilemeyenler icin 3 ay icinde basvuruda bedel IKI KAT tahsil edilir (Ek fikra RG-2/2/2023-32092).
EV-2026-08-09-204,Dagitim yetki belgesi basvurusu icin (a) alkollu icki ithalatcilarinda alkollu icki bildirimi ve (b) tanimlanan ozelliklere uygun DEPO ve NAKIL ARACI olduguna dair faaliyet dosyasi zorunludur.,depo + nakil araci + bildirim,-,T1,Resmi Gazete 6/6/2003-25130 | Alkol ve Alkollu Ickilerin Ic ve Dis Ticaretine Iliskin Usul ve Esaslar Hakkinda Yonetmelik (TADAB konsolide metin),https://www.tarimorman.gov.tr/TADAB/Belgeler/Alkoll%C3%BC%20%C4%B0%C3%A7kiler/%C4%B0lgili%20Mevzuat%20D%C3%BCzenlemeleri/7.5.6203-yonetmelik.pdf,2003-06-06,2008-02-22,2026-08-09,HIGH,FACT,180d,10-evidence/raw/snapshots/EV-2026-08-09-2xx_ticaret-yonetmeligi-7.5.6203.pdf,mevzuat-ruhsat-uzmani,-,-,"Madde 10. Depo: sadece bu ise ayrilmis veya diger gida urunlerinden tefrik edilmis, guvenligi saglanmis, marka bazinda siniflandirma ve sayima imkan verecek boyutta, UZERINDE KURUMUN YETKI BELGESINI TASIYAN depo. Kendi deposu yerine 'akde baglanmis dagitim agi kullanicisi' olmak da kabul ediliyor - 3PL modeline acik kapi."
EV-2026-08-09-205,"Alkollu icki ithalatcisi olacak tuzel kisiden istenen firma belgeleri: Turkiye Ticaret Sicili Gazetesinde yayimlanmis ana sozlesme, en yuksek karar organi baskan ve uyeleri icin adli sicil belgesi, muaccel vergi ve prim borcu bulunmadigina iliskin belge. Mevzuatta ASGARI SERMAYE sarti bulunamadi.",asgari sermaye sarti YOK (mevzuatta bulunamadi),-,T1,Resmi Gazete 6/6/2003-25130 | Alkol ve Alkollu Ickilerin Ic ve Dis Ticaretine Iliskin Usul ve Esaslar Hakkinda Yonetmelik (TADAB konsolide metin),https://www.tarimorman.gov.tr/TADAB/Belgeler/Alkoll%C3%BC%20%C4%B0%C3%A7kiler/%C4%B0lgili%20Mevzuat%20D%C3%BCzenlemeleri/7.5.6203-yonetmelik.pdf,2003-06-06,2021-04-25,2026-08-09,MEDIUM,FACT,180d,10-evidence/raw/snapshots/EV-2026-08-09-2xx_ticaret-yonetmeligi-7.5.6203.pdf,mevzuat-ruhsat-uzmani,-,-,Madde 6(a). Ana sozlesme sarti RG-25/4/2021-31465 ile guncellendi. Genel TTK asgari sermaye tutarlari alkol mevzuatinin disindadir ve bu kartin kapsaminda DEGILDIR.
EV-2026-08-09-206,"2026 yili dagitim yetki belgesi MAKTU bedeli; sarap, kopuren sarap (2204.10) ve aromatize sarap icin 20.000 litre veya daha az faaliyet hacminde en az 68.375 TL, 20.000 litreden fazla faaliyet hacminde en az 170.908 TL'dir.",68375 | 170908,TRY,T1,Resmi Gazete 30/12/2025-33123 | Teblig No 2025/39 (Tarim ve Orman Bakanligi),https://www.tarimorman.gov.tr/TADAB/Belgeler/Tebli%C4%9Fler/TEBLIG%20NO%202025-39.pdf,2025-12-30,2026-01-01,2026-08-09,HIGH,FACT,180d,10-evidence/raw/snapshots/EV-2026-08-09-2xx_teblig-2025-39-bedeller.pdf,mevzuat-ruhsat-uzmani,-,-,Teblig 2025/39 Madde 1(b). Esik: yillik faaliyet hacmi 20.000 litre (=26.667 adet 750 ml sise).
EV-2026-08-09-207,"2026 yili dagitim yetki belgesi bedeli; sarap/kopuren sarap (2204.10)/aromatize sarap icin faaliyet hacmi uzerinden beher bin litre basina 427,15 TL'dir.",427.15,TRY/1000 litre,T1,Resmi Gazete 30/12/2025-33123 | Teblig No 2025/39 (Tarim ve Orman Bakanligi),https://www.tarimorman.gov.tr/TADAB/Belgeler/Tebli%C4%9Fler/TEBLIG%20NO%202025-39.pdf,2025-12-30,2026-01-01,2026-08-09,HIGH,FACT,180d,10-evidence/raw/snapshots/EV-2026-08-09-2xx_teblig-2025-39-bedeller.pdf,mevzuat-ruhsat-uzmani,-,-,Teblig 2025/39 Madde 1(c). Maktu bedel ile hacim bedelinin nasil birlestigi ('en az' ifadesi) yorum gerektirir - bkz. EV-2026-08-09-215 (ESTIMATE) ve T-202.
EV-2026-08-09-208,2026 yili dagitim yetki belgesi YENILEME bedeli kategori ve alt kategori bazinda ayri ayri 46.970 TL'dir.,46970,TRY,T1,Resmi Gazete 30/12/2025-33123 | Teblig No 2025/39 (Tarim ve Orman Bakanligi),https://www.tarimorman.gov.tr/TADAB/Belgeler/Tebli%C4%9Fler/TEBLIG%20NO%202025-39.pdf,2025-12-30,2026-01-01,2026-08-09,HIGH,FACT,180d,10-evidence/raw/snapshots/EV-2026-08-09-2xx_teblig-2025-39-bedeller.pdf,mevzuat-ruhsat-uzmani,-,-,Teblig 2025/39 Madde 1(c). Yenileme 2 yilda bir (belge suresi 2 yil).
EV-2026-08-09-209,"2026 yili HIZMET BEDELI; sarap, kopuren sarap (2204.10) ve aromatize sarap icin aylik satis raporuna gore beher bin litre basina 211,60 TL'dir.",211.60,TRY/1000 litre,T1,Resmi Gazete 30/12/2025-33123 | Teblig No 2025/39 (Tarim ve Orman Bakanligi),https://www.tarimorman.gov.tr/TADAB/Belgeler/Tebli%C4%9Fler/TEBLIG%20NO%202025-39.pdf,2025-12-30,2026-01-01,2026-08-09,HIGH,FACT,180d,10-evidence/raw/snapshots/EV-2026-08-09-2xx_teblig-2025-39-bedeller.pdf,mevzuat-ruhsat-uzmani,-,-,"Teblig 2025/39 Madde 1(a). Satilan hacim uzerinden surekli/degisken maliyet kalemi. 750 ml sise basina 0,1587 TL karsilik gelir (turetme: 211,60/1000*0,75)."
EV-2026-08-09-210,"Alkollu icki uretici ve ithalatcilari, tutun mamulu ve alkollu icki toptan saticilarina ayri bir toptan satis belgesi almadan satis yapabilir; ancak DOGRUDAN perakende saticilara ve/veya acik alkollu icki saticilarina satis yapmak isterlerse TOPTAN SATIS BELGESI almalari zorunludur. Urunlerin satisa sunuldugu her yer ve muhafaza edildigi her depo icin AYRI satis belgesi alinir.",toptan satis belgesi zorunlu (dogrudan perakende/HoReCa satisinda),-,T1,Resmi Gazete 7/1/2011-27808 | Tutun Mamulleri ve Alkollu Ickilerin Satisina ve Sunumuna Iliskin Usul ve Esaslar Hakkinda Yonetmelik (konsolide metin aynasi),https://www.gumruk.com.tr/files/tutun_mamulleri_ve_alkollu_ickilerin_satisina_ve_sunumuna_iliskin_usul_ve_esaslar_hakkinda_yonetmelik.htm,2011-01-07,2011-01-07,2026-08-09,HIGH,FACT,180d,10-evidence/raw/snapshots/EV-2026-08-09-2xx_satis-sunum-yonetmeligi.html,mevzuat-ruhsat-uzmani,-,-,Madde 7 birinci fikra (a) ve (b) bentleri. Kanal onceligi 'chain retail' oldugundan bu belge bu proje icin FIILEN ZORUNLUDUR. Her depo icin ayri belge => coklu depo modelinde bedel katlanir.
EV-2026-08-09-211,"2026 yili toptan satis belgesi bedeli 82.464,00 TL'dir (perakende satis belgesi il merkezi 4.240 TL, acik icki satis belgesi il merkezi 17.704 TL).",82464,TRY,T1,Resmi Gazete 30/12/2025-33123 | Teblig No 2025/35 (Tarim ve Orman Bakanligi),https://www.tarimorman.gov.tr/TADAB/Belgeler/Tebli%C4%9Fler/TEBLIG%20NO%202025-35.pdf,2025-12-30,2026-01-01,2026-08-09,HIGH,FACT,180d,10-evidence/raw/snapshots/EV-2026-08-09-2xx_teblig-2025-35-satis-belgesi.pdf,mevzuat-ruhsat-uzmani,-,-,Teblig 2025/35 Madde 1(a). Ayni teblig 'satis belgesi ve SURE UZATIM islemi bedelleri' der; satis belgeleri yillik sure uzatimina tabidir => yillik tekrarlayan maliyet.
EV-2026-08-09-212,Ithal edilecek alkollu ickilere bandrol uygulanmasi zorunludur ve ithal urunlerde bandrol ANTREPODA her bir sisenin kapagi/kapusonu uzerine uygulanir; UIS disinda alkollu icki ithalati yapilamaz.,ANTREPO,-,T1,"Resmi Gazete 11/9/2020-31241 | Tutun Mamulleri, Makaron, Yaprak Sigara Kagidi ve Alkollu Ickilerde Urun Izleme Sistemi Uygulama Genel Tebligi (Hazine ve Maliye Bakanligi)",https://www.tarimorman.gov.tr/TADAB/Belgeler/Alkoll%C3%BC%20%C4%B0%C3%A7kiler/%C4%B0lgili%20Mevzuat%20D%C3%BCzenlemeleri/bandrollu_urun_izleme_teblig.pdf,2020-09-11,2020-09-11,2026-08-09,HIGH,FACT,180d,10-evidence/raw/snapshots/EV-2026-08-09-2xx_uis-genel-teblig.pdf,mevzuat-ruhsat-uzmani,-,-,Teblig bolum 3.1(g) ve 3.5.3(iii). Not: 3.1(g) 'yurt disi uretim mahalli veya antrepoda' der; 3.5.3(iii) alkollu ickiler icin ozel olarak 'ithal edilmesi halinde ANTREPODA' der. Yani sarapta bandrol Turkiye'de antrepoda uygulanir; mensede uygulama alkollu ickide ongorulmemistir.
EV-2026-08-09-213,"2026 yili 'Ithal Edilecek Fici Ambalajli Bira Dahil Alkollu Icki Urunlerine Uygulanacak Bandrol' birim fiyati 1.000 adet icin 2.360,73 TL'dir (%20 KDV haric).",2360.73,TRY/1000 adet,T2,"Hazine ve Maliye Bakanligi / Darphane ve Damga Matbaasi Genel Mudurlugu - BUIS Bandrol, Kod ve Kodlanmis Etiket 2026 Yili Fiyat Listesi",https://ms.hmb.gov.tr/uploads/sites/7/2026/02/2026-Yili-Bandrol-Fiyat-Listesi03022026-85067e294f923911.pdf,2026-02-03,2026-01-01,2026-08-09,HIGH,FACT,180d,10-evidence/raw/snapshots/EV-2026-08-09-2xx_darphane-bandrol-2026-fiyat.pdf,mevzuat-ruhsat-uzmani,-,-,"Liste sira no 5. Sise basina 2,36073 TL (KDV haric). Birim fiyatlar her yil 1 Ocak'tan gecerli olmak uzere bir onceki yil Yi-UFE oraninda artirilir (UIS Tebligi 3.5.2) => enflasyona endeksli."
EV-2026-08-09-214,"Bandrol/kodlanmis etiket, GIB veya TADAB onayini muteakiben bedelin Darphane hesabina yatirilmasindan itibaren 15 gun icerisinde teslim edilir; alkollu icki ithalatcilarinin bandrol taleplerinde TADAB'dan uygunluk onayi arani ve vadesi gecmis vergi borcu bulunmamasi sarttir.",15,gun,T1,"Resmi Gazete 11/9/2020-31241 | Tutun Mamulleri, Makaron, Yaprak Sigara Kagidi ve Alkollu Ickilerde Urun Izleme Sistemi Uygulama Genel Tebligi (Hazine ve Maliye Bakanligi)",https://www.tarimorman.gov.tr/TADAB/Belgeler/Alkoll%C3%BC%20%C4%B0%C3%A7kiler/%C4%B0lgili%20Mevzuat%20D%C3%BCzenlemeleri/bandrollu_urun_izleme_teblig.pdf,2020-09-11,2020-09-11,2026-08-09,HIGH,FACT,180d,10-evidence/raw/snapshots/EV-2026-08-09-2xx_uis-genel-teblig.pdf,mevzuat-ruhsat-uzmani,-,-,"Teblig 3.5.1 (teslim suresi), 3.3.1(a) (vadesi gecmis borc sarti), 3.3.2 (TADAB uygunluk onayi). 15 gun SADECE odeme sonrasi teslim suresidir; TADAB onay suresi mevzuatta belirtilmemistir (UNKNOWN)."
EV-2026-08-09-215,"Ithal edilecek alkollu ickiler piyasaya arz edilmeden once TADAB'dan URUN ONAYI alinmasi zorunludur; ithalatta once Gida ve Kontrol Genel Mudurlugunden 'Bitkisel Gida ve Yemin Urun Bildirim Formu' onayi alinir, ardindan Sevkiyat Bildirim Formu onayindan ONCE Online Hizmetler Portali uzerinden urun onayina basvurulur. Onay alinmayan urunler icin bandrol basvurusunda bulunulamaz.",urun onayi zorunlu; sira: GGBS urun bildirimi -> Portal urun onayi -> bandrol,-,T2,TADAB - Alkollu Icki Urun Onayi ve Guncelleme Islemlerine Iliskin Duyuru,https://www.tarimorman.gov.tr/TADAB/Duyuru/277/Alkollu-Icki-Urun-Onayi-Ve-Guncelleme-Islemlerine-Iliskin-Duyuru,2025-04-11,2025-04-11,2026-08-09,HIGH,FACT,180d,10-evidence/raw/snapshots/EV-2026-08-09-2xx_tadab-duyuru-277-urun-onayi.html,mevzuat-ruhsat-uzmani,-,-,"TADAB duyurusu 11.04.2025 (30/12/2024 tarihli duyuruyu yururlukten kaldirdi). Dayanak: 4733 s.K. m.8/5(c), Ticaret Yonetmeligi m.6 ve m.15."
EV-2026-08-09-216,Urun onayi ve guncelleme basvurulari 15 IS GUNU icerisinde incelenerek karara baglanir; eksik bilgi/belge halinde firmaya 15 gun sure verilir ve tamamlanan basvurular yeniden 15 is gununde sonuclandirilir.,15,is gunu,T2,TADAB - Alkollu Icki Urun Onayi ve Guncelleme Islemlerine Iliskin Duyuru,https://www.tarimorman.gov.tr/TADAB/Duyuru/277/Alkollu-Icki-Urun-Onayi-Ve-Guncelleme-Islemlerine-Iliskin-Duyuru,2025-04-11,2025-04-11,2026-08-09,HIGH,FACT,180d,10-evidence/raw/snapshots/EV-2026-08-09-2xx_tadab-duyuru-277-urun-onayi.html,mevzuat-ruhsat-uzmani,-,-,TADAB duyurusu bolum C. Eksik dosya senaryosunda toplam sure ~15 is gunu + 15 gun + 15 is gunu'ne cikabilir.
EV-2026-08-09-217,Saraplarda URUN YILI (vintage) degisikligi yeni urun basvurusu ya da guncelleme kapsaminda degerlendirilmez; basvuru yapilmasina gerek olmaksizin etiket uzerinde urun yili degistirilebilir.,vintage degisikligi yeni onay gerektirmez,-,T2,TADAB - Alkollu Icki Urun Onayi ve Guncelleme Islemlerine Iliskin Duyuru,https://www.tarimorman.gov.tr/TADAB/Duyuru/277/Alkollu-Icki-Urun-Onayi-Ve-Guncelleme-Islemlerine-Iliskin-Duyuru,2025-04-11,2025-04-11,2026-08-09,HIGH,FACT,180d,10-evidence/raw/snapshots/EV-2026-08-09-2xx_tadab-duyuru-277-urun-onayi.html,mevzuat-ruhsat-uzmani,-,-,Maliyet acisindan onemli: her hasat yili icin SKU onayi tekrarlanmiyor. Ancak alkol derecesi degisirse durum farklidir (portalda tek ID calismasi devam ediyor).
EV-2026-08-09-218,"Basvuru yapilan urun markasi daha once baska bir gercek/tuzel kisi tarafindan Turk Patent ve Marka Kurumundan 34 ve alti nice gruplarinda tescil edilmisse ve tescil gecerliyse, o marka icin URUN ONAYI VERILMEZ.",marka cakismasi urun onayini bloke eder,-,T2,TADAB - Alkollu Icki Urun Onayi ve Guncelleme Islemlerine Iliskin Duyuru,https://www.tarimorman.gov.tr/TADAB/Duyuru/277/Alkollu-Icki-Urun-Onayi-Ve-Guncelleme-Islemlerine-Iliskin-Duyuru,2025-04-11,2025-04-11,2026-08-09,HIGH,FACT,180d,10-evidence/raw/snapshots/EV-2026-08-09-2xx_tadab-duyuru-277-urun-onayi.html,mevzuat-ruhsat-uzmani,-,-,Private label senaryosu icin dogrudan bloke edici sart. Mevcut marka distribuorlugunde de mense marka Turkiye'de baskasi adina tescilliyse onay alinamaz.
EV-2026-08-09-219,"Ithal alkollu ickinin bildirim/urun onayi dosyasinda, Turk Gida Kodeksi ve ilgili mevzuat uyarinca Turkce etikette bulunmasi gereken bilgilere EK OLARAK urunun Turkce kategorisi, temel girdileri/karakteristik ozellikleri ve uretildigi ulke (farkli ulkede ambalajlandiysa ambalajlama ulkesi) bilgilerinin yer aldigi TURKCE ETIKET ORNEGI zorunludur.",Turkce etiket zorunlu,-,T1,Resmi Gazete 6/6/2003-25130 | Alkol ve Alkollu Ickilerin Ic ve Dis Ticaretine Iliskin Usul ve Esaslar Hakkinda Yonetmelik (TADAB konsolide metin),https://www.tarimorman.gov.tr/TADAB/Belgeler/Alkoll%C3%BC%20%C4%B0%C3%A7kiler/%C4%B0lgili%20Mevzuat%20D%C3%BCzenlemeleri/7.5.6203-yonetmelik.pdf,2003-06-06,2008-02-22,2026-08-09,HIGH,FACT,180d,10-evidence/raw/snapshots/EV-2026-08-09-2xx_ticaret-yonetmeligi-7.5.6203.pdf,mevzuat-ruhsat-uzmani,-,-,Madde 6(d)(4). Ayrica TADAB urun onayi dosyasinda orijinal etiket + Turkce etiket + boyunluk fotograflari ve yabanci dildeki tum unsurlarin Turkce cevirisi isteniyor (EV-2026-08-09-215).
EV-2026-08-09-220,"Piyasaya arzina izin verilen alkollu ickilerin tabani haric ic ve dis ambalajlarinda UC adet grafik uyari mesaji ve BIR adet yazili uyari mesaji birlikte kullanilir; 70-100 cl ambalajda uyari mesaji toplam alani en az 18,0 cm2 ve yazi karakteri en az 10 puntodur. Uyari mesaji tasimayan alkollu ickiler ic piyasaya arz edilemez ve satilamaz.",18.0,cm2 (70-100 cl ambalaj),T1,"Resmi Gazete 11/8/2013-28732 | Alkollu Icki Ambalajlari Uzerine Konulacak Uyari Mesajlariyla Ilgili Teblig (konsolide metin aynasi, son guncelleme 17/1/2014)",https://www.gumruk.com.tr/files/alkollu_icki_ambalajlari_uzerine_konulacak_uyari_mesajlariyla_ilgili_teblig.htm,2013-08-11,2013-08-11,2026-08-09,HIGH,FACT,365d,10-evidence/raw/snapshots/EV-2026-08-09-2xx_uyari-mesajlari-teblig-2013.html,mevzuat-ruhsat-uzmani,-,-,"Madde 2 ve 3. Yazi: Helvetica, normal, beyaz uzerine siyah; bayrak kirmizisi 1-2 mm cerceve. Bandrol/pul uzerine yazilamaz. 750 ml sise icin etiket tasariminda ~18 cm2 zorunlu alan ayirmak gerekir. Yazili uyari mesajinin BIREBIR METNI Ek-1 gorselinde olup metin olarak dogrulanamadi (UNKNOWN)."
EV-2026-08-09-221,"Sarap etiketinde hacmen gercek alkol miktarinin karakter buyuklugu 20-100 cl ambalajda en az 3 mm olmalidir; etiketteki ile gercek alkol miktari arasindaki fark en fazla +/- %0,5 olabilir.",3,mm (20-100 cl),T1,Turk Gida Kodeksi Sarap Tebligi (Teblig No: 2008/67),https://www.tarimorman.gov.tr/TADAB/Belgeler/Alkoll%C3%BC%20%C4%B0%C3%A7kiler/%C4%B0lgili%20Mevzuat%20D%C3%BCzenlemeleri/sarap_teblig.pdf,2009-02-04,2009-02-04,2026-08-09,MEDIUM,FACT,365d,10-evidence/raw/snapshots/EV-2026-08-09-2xx_tgk-sarap-teblig-2008-67.pdf,mevzuat-ruhsat-uzmani,-,-,"TGK Sarap Tebligi 2008/67 Madde 10(a)(b). Teblig, yururlukten kalkmis 5179 s.K.'ya dayaniyor ve eski etiketleme tebligine atif yapiyor; TADAB halen yururlukteki mevzuat olarak yayinliyor. Yayim tarihi dogrulanmadi (T5 kaynaklar 04/02/2009-27131 diyor) - tarih UNKNOWN kabul edilmeli."
EV-2026-08-09-222,"4250 sayili Kanun m.6: alkollu ickilerin her ne surette olursa olsun reklami ve tuketicilere yonelik tanitimi yapilamaz; kampanya/promosyon/etkinlik yapilamaz; tesvik, hediye, esantiyon, promosyon veya bedelsiz alkollu icki dagitilamaz; 18 yas alti satilamaz; otomatik satis makineleri, basin-yayin yoluyla satis ve posta ile satis yasaktir; 22:00-06:00 arasi perakende satis yasaktir; isletme disindan gorulecek sekilde perakende satisa arz edilemez.",22:00-06:00 perakende satis yasagi; reklam/promosyon yasagi; online-posta satis yasagi,-,T1,"4250 sayili Ispirto ve Ispirtolu Ickiler Inhisari Kanunu (mevzuat konsolide metin, TADAB yayini)",https://www.tarimorman.gov.tr/TADAB/Belgeler/Alkoll%C3%BC%20%C4%B0%C3%A7kiler/%C4%B0lgili%20Mevzuat%20D%C3%BCzenlemeleri/4250.pdf,1942-06-12,2013-06-11,2026-08-09,HIGH,FACT,180d,10-evidence/raw/snapshots/EV-2026-08-09-2xx_4250-sayili-kanun.pdf,mevzuat-ruhsat-uzmani,-,-,"Madde 6 (Yeniden duzenleme: 24/5/2013-6487/2 md.). Ayrica ogrenci yurtlari, saglik kuruluslari, egitim kurumlari, kahvehane/kiraathane/pastane, akaryakit istasyonu magaza ve lokantalarinda satis yasak; otoyol ve devlet karayolu tesislerinde satis/tuketim yasak (meskun mahal ve konaklama yerleri haric). ONLINE D2C proje kapsami disi - burada sadece kisitin VARLIGI notlanmistir."
EV-2026-08-09-223,"7584 sayili Kanunun 2 nci maddesi ile 4250 sayili Kanunun 6 nci maddesinin birinci fikrasi yeniden duzenlenmistir: alkollu icki ureten/ithal eden/pazarlayanlarin ticaret unvanlari ile urunlerinin marka, amblem, logolari ve arz ambalajinda yer alan ifade/sekil/isim/isaret/gorseller hicbir etkinlige veya her tur mecrada yapilacak yayin ve paylasimlara destek olarak kullanilamaz; ayrica bunlar IS YERLERININ ICINDE, DISINDA, VITRINLERINDE, SATIS UNITELERINDE ve hicbir etkinlik alaninda bulundurulamaz.",satis noktasinda marka/logo/ambalaj gorseli bulundurma yasagi,-,T2,TADAB - Alkollu Icki Reklamlarina Iliskin Mevzuatta Yapilan Degisiklik Hakkinda Duyuru (7584 s.K. / RG 20/6/2026-33286),https://www.tarimorman.gov.tr/TADAB/Duyuru/280/Alkollu-Icki-Reklamlarina-Iliskin-Mevzuatta-Yapilan-Degisiklik-Hakkinda-Duyuru,2026-06-26,2026-06-20,2026-08-09,HIGH,FACT,90d,10-evidence/raw/snapshots/EV-2026-08-09-2xx_tadab-duyuru-280-reklam.html,mevzuat-ruhsat-uzmani,-,-,"Dayanak T1: 7584 s.K. m.2, RG 20/6/2026-33286 (Kanun kabul tarihi 11/6/2026). TADAB duyurusuna gore is yerlerinin uyum icin 20/6/2027'ye kadar suresi var. Acik alkollu icki satis izni olan isletmelerde servis materyallerinde marka/amblem/logo kullanilabilir. Zincir market rafinda urun ambalajinin kendisinin bu yasak kapsaminda olup olmadigi ACIK DEGILDIR -> T-205."
EV-2026-08-09-224,"Yurt icinde uretilen veya ithal edilen alkollu ickiler, adina dagitim yetki belgesi duzenlenen ureticileri veya ithalatcilari tarafindan yalnizca ALKOLLU ICKI SATIS BELGESINI HAIZ gercek veya tuzel kisilere satilmak suretiyle piyasaya arz edilir.",sadece satis belgesi olanlara satis,-,T1,Resmi Gazete 6/6/2003-25130 | Alkol ve Alkollu Ickilerin Ic ve Dis Ticaretine Iliskin Usul ve Esaslar Hakkinda Yonetmelik (TADAB konsolide metin),https://www.tarimorman.gov.tr/TADAB/Belgeler/Alkoll%C3%BC%20%C4%B0%C3%A7kiler/%C4%B0lgili%20Mevzuat%20D%C3%BCzenlemeleri/7.5.6203-yonetmelik.pdf,2003-06-06,2008-02-22,2026-08-09,HIGH,FACT,180d,10-evidence/raw/snapshots/EV-2026-08-09-2xx_ticaret-yonetmeligi-7.5.6203.pdf,mevzuat-ruhsat-uzmani,-,-,Madde 9 ucuncu fikra. Ayrica Madde 9/2: uretici ve ithalatci firmalar perakende saticilarin taleplerini zamaninda karsilayacak dagitimi saglamak zorundadir.
EV-2026-08-09-225,"Uretici ve ithalatci firmalar aylik ticari faaliyetini gosterir satis raporunu, ilgili oldugu ayi takip eden ayin en gec 20 nci gunu mesai bitimine kadar Kuruma (elektronik ortam dahil) intikal ettirmek zorundadir.",her ayin 20'si,-,T1,Resmi Gazete 6/6/2003-25130 | Alkol ve Alkollu Ickilerin Ic ve Dis Ticaretine Iliskin Usul ve Esaslar Hakkinda Yonetmelik (TADAB konsolide metin),https://www.tarimorman.gov.tr/TADAB/Belgeler/Alkoll%C3%BC%20%C4%B0%C3%A7kiler/%C4%B0lgili%20Mevzuat%20D%C3%BCzenlemeleri/7.5.6203-yonetmelik.pdf,2003-06-06,2004-03-10,2026-08-09,HIGH,FACT,180d,10-evidence/raw/snapshots/EV-2026-08-09-2xx_ticaret-yonetmeligi-7.5.6203.pdf,mevzuat-ruhsat-uzmani,-,-,Madde 15. Hizmet bedeli (EV-2026-08-09-209) bu rapor uzerinden tahakkuk eder ve raporun verildigi ayin son is gunune kadar odenir (Madde 14).
EV-2026-08-09-226,"5 cl'den kucuk ambalaj hacmine sahip alkollu ickiler ithal edilemez, uretilemez ve piyasaya arz edilemez. Ayni fikradaki '300 cl'den buyuk ambalaj' yasagi ile alkollu ickilerin sadece CAM ambalajla piyasaya arzini ongoren hukmun yurutmesi Danistay 13. Dairesinin 11/4/2023 tarihli E.:2023/407 sayili karari ile DURDURULMUSTUR.",5 cl alti yasak; 300 cl ustu ve cam zorunlulugu yurutmesi durdurulmus,-,T1,Resmi Gazete 6/6/2003-25130 | Alkol ve Alkollu Ickilerin Ic ve Dis Ticaretine Iliskin Usul ve Esaslar Hakkinda Yonetmelik (TADAB konsolide metin),https://www.tarimorman.gov.tr/TADAB/Belgeler/Alkoll%C3%BC%20%C4%B0%C3%A7kiler/%C4%B0lgili%20Mevzuat%20D%C3%BCzenlemeleri/7.5.6203-yonetmelik.pdf,2003-06-06,2023-02-02,2026-08-09,HIGH,FACT,180d,10-evidence/raw/snapshots/EV-2026-08-09-2xx_ticaret-yonetmeligi-7.5.6203.pdf,mevzuat-ruhsat-uzmani,-,-,Madde 13 altinci fikra ve Gecici Madde 13-14. 750 ml ana format bu kisitlarin disindadir. Cam zorunlulugu hukmu ileride yeniden yururluge girerse bag-in-box/PET senaryolari elenir - regulasyon soku vektoru.
EV-2026-08-09-227,"4250 sayili Kanun m.1/3: 'Ithalatci firmalarin, ulke genelinde kurulus yeri nerede olursa olsun her saticinin siparis verdigi urunleri yerinde teslim etmeleri ... sarttir. Yillik en az bir milyon litre yil ayri ayri uretim, satis veya dis alim miktarina ulasan firmalar, bu faaliyetlerini yurutmek ve fiyat belirlemekte serbesttir.' Bu esigin bugun nasil uygulandigi dogrulanamadi.",1000000,litre/yil (fiyat serbestisi esigi - uygulanabilirligi UNKNOWN),T1,"4250 sayili Ispirto ve Ispirtolu Ickiler Inhisari Kanunu (mevzuat konsolide metin, TADAB yayini)",https://www.tarimorman.gov.tr/TADAB/Belgeler/Alkoll%C3%BC%20%C4%B0%C3%A7kiler/%C4%B0lgili%20Mevzuat%20D%C3%BCzenlemeleri/4250.pdf,1942-06-12,2001-01-11,2026-08-09,LOW,SUPERSEDED,90d,10-evidence/raw/snapshots/EV-2026-08-09-2xx_4250-sayili-kanun.pdf,mevzuat-ruhsat-uzmani,-,C-201,"4619 s.K. Gecici m.1 esigi kademeli olarak 2006 sonuna kadar 600.000 litreye indirmis, sonrasi icin Bakanlar Kuruluna sifira indirme yetkisi vermistir; boyle bir karar bulunamadi. Ayrica m.1/5 'her turlu sarap...' icin bu sartlari aramiyor ama cumle yapisi ITHALAT yonunden yalnizca viski ve tabii kopuren saraplari sayiyor. Sonuc: durgun sarap ITHALATI icin esigin gecerli olup olmadigi belirsiz. -> T-201, C-201."
EV-2026-08-09-228,Dagitim yetki belgesi basvurusunun Kurum tarafindan kac gun icinde sonuclandirilacagina dair bir SURE mevzuatta bulunamadi; Madde 12 yalnizca basvuru dosyasinin 'yerinde ve/veya kayitlar uzerinde incelenerek' degerlendirilecegini soyler.,null,gun,T1,Resmi Gazete 6/6/2003-25130 | Alkol ve Alkollu Ickilerin Ic ve Dis Ticaretine Iliskin Usul ve Esaslar Hakkinda Yonetmelik (TADAB konsolide metin),https://www.tarimorman.gov.tr/TADAB/Belgeler/Alkoll%C3%BC%20%C4%B0%C3%A7kiler/%C4%B0lgili%20Mevzuat%20D%C3%BCzenlemeleri/7.5.6203-yonetmelik.pdf,2003-06-06,2015-12-31,2026-08-09,HIGH,UNKNOWN,180d,10-evidence/raw/snapshots/EV-2026-08-09-2xx_ticaret-yonetmeligi-7.5.6203.pdf,mevzuat-ruhsat-uzmani,-,-,Kritik yol uzerindeki en buyuk takvim belirsizligi. Ticaret Yonetmeligi Gecici Madde 2 (2003 gecis rejimi) dosya incelemesi icin 4 ay ongormustu; bu hukum bugun icin baglayici degildir. -> T-202.
EV-2026-08-09-229,"Alkollu icki ithalatcisindan TADAB tarafindan istenen bir TEMINAT (nakit veya banka teminat mektubu) hukmu, incelenen mevzuat metinlerinde (Ticaret Yonetmeligi, Satis ve Sunum Yonetmeligi, UIS Tebligi, 4250 ve 4733 s. Kanunlar) BULUNAMADI.",null,TRY,T1,Resmi Gazete 6/6/2003-25130 | Alkol ve Alkollu Ickilerin Ic ve Dis Ticaretine Iliskin Usul ve Esaslar Hakkinda Yonetmelik (TADAB konsolide metin),https://www.tarimorman.gov.tr/TADAB/Belgeler/Alkoll%C3%BC%20%C4%B0%C3%A7kiler/%C4%B0lgili%20Mevzuat%20D%C3%BCzenlemeleri/7.5.6203-yonetmelik.pdf,2003-06-06,2023-02-02,2026-08-09,MEDIUM,UNKNOWN,180d,10-evidence/raw/snapshots/EV-2026-08-09-2xx_ticaret-yonetmeligi-7.5.6203.pdf,mevzuat-ruhsat-uzmani,-,-,"Negatif bulgu: metinlerde teminat gecmiyor. Ancak gumruk/antrepo rejimi kaynakli teminat (antrepo teminati, OTV/KDV teminati) BU AJANIN ALANI DISINDADIR ve gumruk-vergi + navlun-lojistik ajanlarinca ayrica arastirilmalidir. 'Teminat yoktur' seklinde FACT yazilmadi."
EV-2026-08-09-230,Ithal siselenmis sarap icin partiye/sevkiyata bagli ZORUNLU akredite laboratuvar analizi ve bunun birim maliyeti dogrulanamadi. Bitkisel gida ithalatinin resmi kontrollerinde fiziksel kontrol kapsaminda numune alma ve laboratuvar analizi risk esasli olarak yapilmaktadir.,null,TRY/parti,T3,Tarim ve Orman Bakanligi - Bitkisel Gida ve Yem Ithalatinin Resmi Kontrollerine Dair Yonetmelik (RG 17/12/2011-28145) ve uygulama talimatlari (ikincil kaynak uzerinden),https://www.tarimorman.gov.tr/Konu/2176/bitkisel_gida_ve_yem_ile_gida_ile_temas_eden_madde_ve_malzeme_ithalat_islemleri,2011-12-17,2011-12-17,2026-08-09,LOW,UNKNOWN,90d,-,mevzuat-ruhsat-uzmani,-,-,"Ticaret Yonetmeligi Madde 7'deki analiz/kalite onayi hukmu Madde 6(c) dokme alkol icin ongorulmustur; siselenmis alkollu ickide bildirim rejimi dosya uzerindendir. Ithalat asamasinda analizin sikligi (her parti mi, risk esasli mi) ve maliyeti UNKNOWN -> T-206."
EV-2026-08-09-231,"Tutun, Tutun Mamulleri, Alkol ve Alkollu Ickilerin Ithalat Denetimi Tebligi (Urun Guvenligi ve Denetimi: 2026/19) uyarinca Ek-2'de yer alan alkollu ickilerin ithalatinda ithalatcinin TADAB'a alkollu icki bildirimi yapmasi gerekir; teblig metni birincil kaynaktan dogrulanamadi.",RG 31/12/2025-33124 (4. mukerrer) - dogrulanamadi,-,T5,Ikincil kaynaklar (gumruk musavirligi/mevzuat portallari) - resmigazete.gov.tr ve mevzuat.gov.tr bu oturumda TLS/503 nedeniyle erisilemedi,https://www.lexpera.com.tr/resmi-gazete/metin/tutun-tutun-mamulleri-alkol-ve-alkollu-ickilerin-ithalat-denetimi-tebligi-urun-guvenligi-ve-denetimi-12,2025-12-31,2026-01-01,2026-08-09,LOW,UNKNOWN,90d,-,mevzuat-ruhsat-uzmani,-,-,Ayni yukumluluk zaten T1 duzeyinde Ticaret Yonetmeligi Madde 5/2 ile sabittir (EV-2026-08-09-201); bu kart yalnizca gumruk asamasindaki denetim tebligi referansini isaretler. T5 tek basina FACT sayilmadi.
EV-2026-08-09-232,"Dagitim yetki belgesi bedeli, maktu asgari bedel ile faaliyet hacmi uzerinden hesaplanan bedelin buyugu olarak uygulandigi varsayimiyla, sarap ithalatcisi icin 2026'da 5.000-25.000 sise/yil senaryosunda 68.375 TL, 50.000-100.000 sise/yil senaryosunda 170.908 TL'dir.",68375 | 170908,TRY,T1,Resmi Gazete 30/12/2025-33123 | Teblig No 2025/39 (Tarim ve Orman Bakanligi),https://www.tarimorman.gov.tr/TADAB/Belgeler/Tebli%C4%9Fler/TEBLIG%20NO%202025-39.pdf,2025-12-30,2026-01-01,2026-08-09,MEDIUM,ESTIMATE,180d,10-evidence/raw/snapshots/EV-2026-08-09-2xx_teblig-2025-39-bedeller.pdf,mevzuat-ruhsat-uzmani,-,-,"Turetme zinciri: EV-206 (maktu 'en az' bedeller) + EV-207 (427,15 TL/bin litre). 5.000 sise=3.750 L; 25.000 sise=18.750 L (<=20.000 L esigi) -> hacim bedeli 1.602/8.009 TL, maktu asgari baglayici -> 68.375 TL. 50.000 sise=37.500 L; 100.000 sise=75.000 L (>20.000 L) -> hacim bedeli 16.018/32.036 TL, maktu asgari baglayici -> 170.908 TL. 'en az' ifadesinin max() olarak yorumu DOGRULANMAMISTIR -> T-202."
EV-2026-08-09-233,Sifirdan baslayan bir yatirimci icin T0'dan ilk konteynerin ithalat izinlerinin tamamlanmasina kadar gecen MEVZUAT kaynakli sure (tedarikci uretimi ve navlun HARIC) 120-270 takvim gunu araliginda tahmin edilmektedir.,120-270,gun,T1,Turetme: EV-2026-08-09-203/204/214/216 + ASSUMPTION sureler,https://www.tarimorman.gov.tr/TADAB/Belgeler/Alkoll%C3%BC%20%C4%B0%C3%A7kiler/%C4%B0lgili%20Mevzuat%20D%C3%BCzenlemeleri/7.5.6203-yonetmelik.pdf,2026-08-09,2026-08-09,2026-08-09,LOW,ESTIMATE,90d,-,mevzuat-ruhsat-uzmani,-,-,"Turetme zinciri ve adim adim dagilim icin bkz. 20-mevzuat/t0-takvimi.md. Kritik yolun en belirsiz halkasi dagitim yetki belgesi inceleme suresidir (EV-2026-08-09-228, UNKNOWN). Bu deger FACT DEGILDIR."
EV-2026-08-09-234,"2026 fiyatlariyla, chain retail'e dogrudan satis yapan bir sarap ithalatcisinin yalnizca TADAB/satis belgesi kalemlerinden olusan baslangic sabit maliyeti (tek depo, tek kategori) 150.839 TL (<=20.000 L/yil) veya 253.372 TL (>20.000 L/yil) civarindadir.",150839 | 253372,TRY,T1,Turetme: EV-2026-08-09-232 + EV-2026-08-09-211,https://www.tarimorman.gov.tr/TADAB/Belgeler/Tebli%C4%9Fler/TEBLIG%20NO%202025-39.pdf,2025-12-30,2026-01-01,2026-08-09,MEDIUM,ESTIMATE,180d,10-evidence/raw/snapshots/EV-2026-08-09-2xx_teblig-2025-39-bedeller.pdf,mevzuat-ruhsat-uzmani,-,-,"Turetme: dagitim yetki belgesi (68.375 veya 170.908) + toptan satis belgesi (82.464). DANISMANLIK, DEPO, ETIKET BASIMI, ANALIZ ve NOTER/TERCUME kalemleri HARICTIR (UNKNOWN). Bandrol ve hizmet bedeli DEGISKEN kalemdir, bu tutara dahil degildir."
EV-2026-08-09-235,"Bandrol ve TADAB hizmet bedelinden olusan, sise basina zorunlu ruhsat kaynakli degisken maliyet 2026'da 750 ml sise icin 2,52 TL/sise'dir (KDV haric).",2.52,TRY/sise,T1,Turetme: EV-2026-08-09-213 + EV-2026-08-09-209,https://ms.hmb.gov.tr/uploads/sites/7/2026/02/2026-Yili-Bandrol-Fiyat-Listesi03022026-85067e294f923911.pdf,2026-02-03,2026-01-01,2026-08-09,HIGH,ESTIMATE,180d,10-evidence/raw/snapshots/EV-2026-08-09-2xx_darphane-bandrol-2026-fiyat.pdf,mevzuat-ruhsat-uzmani,-,-,"Turetme: bandrol 2.360,73/1000 = 2,36073 TL/sise + hizmet bedeli 211,60/1000 litre x 0,75 litre = 0,1587 TL/sise = 2,5194 TL/sise. Bandrolun antrepoda YAPISTIRILMA operasyon maliyeti bu tutara DAHIL DEGILDIR (navlun-lojistik-uzmani alani)."
EV-2026-08-09-301,"20DV (20ft standart dry) konteyner ic olculeri, dara ve azami payload",ic olcu 5.90 x 2.35 x 2.39 m; ic hacim ~33 m3; dara ~2.300 kg; azami payload ~28.200 kg,m / m3 / kg,T4,iContainers - 20-foot Container specs,https://www.icontainers.com/help/20-foot-container/,UNKNOWN,-,2026-08-09,MEDIUM,FACT,1y,-,navlun-lojistik-uzmani,-,-,Hesaplanan ic hacim 5.90*2.35*2.39 = 33.14 m3. Maersk resmi FAQ 20ft steel icin 33.2 m3 ve 28.300 kg payload veriyor (EV-...-302 ile capraz). Payload rakamlari kaynaklar arasi 26.000-28.300 kg araliginda degisiyor -> C-303.
EV-2026-08-09-302,Maersk resmi kargo agirlik limiti sayfasina gore konteyner azami payload ve ic hacim degerleri,"20ft steel: 28.300 kg / 33,2 m3 | 40ft steel: 28.870 kg / 67,7 m3 | 40ft High Cube steel: 28.690 kg / 76,4 m3",kg / m3,T3,Maersk - What is the weight limit for the cargo (Support FAQ),https://www.maersk.com/support/faqs/cargo-weight-limit,UNKNOWN,-,2026-08-09,HIGH,FACT,1y,-,navlun-lojistik-uzmani,-,-,Tasiyicinin kendi resmi spec sayfasi. Sayfada 'agirlik limitleri ulkeye gore degisebilir' uyarisi var -> Turkiye karayolu limiti icin EV-...-309 baglayici.
EV-2026-08-09-303,40HC konteyner ic olculeri (yaygin yayinlanan deger),"ic olcu ~12,03 x 2,35 x 2,69 m",m,T4,Hillebrand Gori FAQ - Containers (dis olcu) + sektor yayinlari,https://www.hillebrandgori.com/faq/containers,UNKNOWN,-,2026-08-09,LOW,ESTIMATE,1y,-,navlun-lojistik-uzmani,-,-,"Hillebrand FAQ 40HC DIS olcuyu veriyor: 12,2 x 2,44 x 2,9 m. Ic olcu dogrudan T1-T3 kaynakla dogrulanamadi. Hesaplarda Maersk'in 76,4 m3 ic hacmi (EV-...-302) esas alinmistir; ic olcu yalnizca yukseklik/palet katman hesabinda gosterge olarak kullanildi."
EV-2026-08-09-304,750 ml sarap sisesinde bos cam agirligi araligi,genel aralik 300-900 g; durgun sarapta tipik 420-550 g; hafifletilmis cam ~300-420 g; kopuklu 800-900 g,g,T5,Vinovest / WineLoversPage / ExpertWineStorage derlemesi,https://www.vinovest.co/blog/how-much-does-a-bottle-of-wine-weigh,2026,-,2026-08-09,LOW,ESTIMATE,180d,-,navlun-lojistik-uzmani,-,-,"T5 seviyesinde derleme. Tedarikcinin gercek cam agirligi RFQ ile alinmali -> T-302. Model icin band kullanilmali, tek nokta degil."
EV-2026-08-09-305,Dolu 750 ml sarap sisesinin brut agirligi (cam + sivi + kapak/kapsul/etiket),"1,16 - 1,32 kg (durgun sarap, hafif-standart cam); yayinlanan genel aralik 1,2 - 1,5 kg",kg,T5,"Turetme: 750 ml sarap ~0,743 kg + cam 400-550 g + kapak/etiket ~10-15 g",https://www.vinovest.co/blog/how-much-does-a-bottle-of-wine-weigh,2026,-,2026-08-09,MEDIUM,ESTIMATE,180d,-,navlun-lojistik-uzmani,-,-,"Turetme zinciri: sarap yogunlugu ~0,99 g/ml -> 750 ml = 743 g. + cam (EV-...-304) + kapak. Cellwind palet spec'inden geri hesap (EV-...-307) 1,26 kg/sise paketli degeriyle tutarli."
EV-2026-08-09-306,12'li sarap kolisi brut agirligi ve bos karton agirligi,"12'li koli brut 13,6-18 kg (gunluk tuketim sarabi 13,6-15 kg); bos oluklu mukavva koli + bolme 0,55 kg",kg,T4,Mistral Associates / Cellwind - Wine cases pallet capacity; Vinovest,https://www.mistralassociates.com/help/awmain/wcp_us.html,UNKNOWN,-,2026-08-09,MEDIUM,FACT,180d,-,navlun-lojistik-uzmani,-,-,"Fiyat/performans segmenti hafif cam kullanir -> bandin alt ucu (13,6-15,5 kg) daha olasi. Tedarikci teyidi gerekli -> T-302."
EV-2026-08-09-307,"Palet basina sarap kolisi / sise adedi, brut agirlik ve yuklu palet yuksekligi (logistics spec sheet)","Std palet 1000x1200, 12'li koli, 4 katman: 60 koli / 720 sise / 927 kg brut / 1480 mm | 5 katman: 75 koli / 900 sise / 1154 kg / 1818 mm || Std palet, 6'li koli, 4 katman: 112 koli / 672 sise / 870 kg / 1480 mm | 5 katman: 140 koli / 840 sise / 1083 kg / 1818 mm || Euro palet 800x1200, 12'li, 4 katman: 48 koli / 576 sise / 751 kg / 1490 mm | 6'li, 4 katman: 100 koli / 600 sise / 780 kg / 1490 mm",adet / kg / mm,T4,Mistral Associates (Cellwind) - Wine cases pallet capacity,https://www.mistralassociates.com/help/awmain/wcp_us.html,UNKNOWN,-,2026-08-09,MEDIUM,FACT,180d,-,navlun-lojistik-uzmani,-,-,"Ic tutarlilik kontrolu: 12'li 4 katman 927 kg - palet ~20 kg = 907 kg / 60 koli = 15,1 kg/koli -> 1,258 kg/sise paketli. 6'li 870-20=850/112=7,59 kg/koli -> 1,265 kg/sise. Iki format tutarli. Kolinin gercek olcusu sise sekline gore degisir (Burgundy sise cok daha hacimli) -> T-302."
EV-2026-08-09-308,Yuklu paletin tavsiye edilen azami yuksekligi ve konteyner basina palet adetleri (icecek lojistigi uzmani),"Yuklu palet yuksekligi genel olarak 1,7 m'yi asmamali. Euro palet (1200x800): 20ft dry 11, 40ft dry 24, 20ft reefer 10, 40ft reefer 23. VMF blok palet (1200x1000): 20ft dry 10, 40ft dry 21, 20ft reefer 9, 40ft reefer 20",m / adet,T4,Hillebrand Gori - Optimising pallet types for safe and efficient transport,https://www.hillebrandgori.com/media/publication/pallet-types,2025-04-08,-,2026-08-09,MEDIUM,FACT,1y,-,navlun-lojistik-uzmani,-,C-301,Ayni firmanin baska makalesi (EV-...-309) 20ft icin 9 standart / 10 Euro palet diyor -> C-301 celiskisi.
EV-2026-08-09-309,Konteyner basina palet adedi - ikinci Hillebrand Gori kaynagi (C-301 celiskisinin diger tarafi),"20ft: 9 standart palet (1x1,2 m) veya 10 Euro palet (0,8x1,2 m); 40ft: 20 standart palet veya 23 Euro palet. Palet basina 56'ya kadar koli, sarap tipik 4 katman istiflenir",adet,T4,Hillebrand Gori - Freight Containers: How They're Used In the Wine Industry,https://www.hillebrandgori.com/media/publication/freight-containers-how-they're-used-in-the-wine-industry,2022-10-28,-,2026-08-09,MEDIUM,CONFLICT,1y,-,navlun-lojistik-uzmani,-,C-301,"2023'te guncellenmis. EV-...-308 ile celisiyor (20ft: 9-10 vs 10-11 palet). Kapasite hesaplarinda 9-11 palet BANDI kullanilmistir, tek sayi degil."
EV-2026-08-09-310,Turkiye karayolunda ISO konteyner tasiyan yari romorklu araclarda azami yuklu agirlik,Konteyner tasiyan yari romorklu araclarda (ISO Konteynerli 3-S2/3): 44 ton. Bes veya daha cok dingilli yari romorklu/romorklu katarlarda: 40 ton. Agirlik kontrolunde azami yuklu agirligin en cok %5'i kadar tarti toleransi taninir,ton,T2,Karayollari Genel Mudurlugu - Karayollari Trafik Yonetmeligi Madde 128 (Araclarin Olcu ve Agirliklari),https://www.kgm.gov.tr/SiteCollectionDocuments/KGMdocuments/Trafik/KanunYonetmelik/128MaddeDegisiklik.pdf,UNKNOWN,UNKNOWN,2026-08-09,HIGH,FACT,1y,webfetch PDF cikarimi (pdftotext) - 10-evidence/raw/snapshots/ktk-128.txt (ALINMADI),navlun-lojistik-uzmani,-,-,"KRITIK: konteynerin kendi payload'i (28,2-28,7 t) degil, Turkiye karayolu 44 t GVW limiti pratikte baglayici olabilir. Cekici+sasi darasi bu karta dahil DEGIL -> UNKNOWN, ASSUMPTION olarak modellendi. Yururluk tarihi belgede acik degil -> gumruk/mevzuat degil trafik yonetmeligi oldugu icin risk dusuk."
EV-2026-08-09-311,20DV konteynere paletsiz (floor loaded) yuklenebilen sarap kolisi/sise adedi - yayinlanmis iddia,20ft paletsiz: 2.200 adet 6'li karton = 13.200 sise. Paletli: 1.600 adet 6'li karton = 9.600 sise,adet,T5,Sunfect (cam sise ureticisi blogu) / sektor derlemesi,https://www.sunfect.net/glass-bottles-news/how-many-bottles-of-wine-in-a-20ft-container.html,UNKNOWN,-,2026-08-09,LOW,ESTIMATE,180d,-,navlun-lojistik-uzmani,-,-,T5. Kendi geometrik hesabimla (EV-...-320) capraz kontrol edildi: 11.800-13.700 sise bandi cikti; 13.200 bandin ust ucunda. 9.600 paletli rakami ise benim 6.480-7.200 hesabimla CELISIYOR (muhtemelen 5 katman + 40ft varsayimi). Tek basina kullanilamaz.
EV-2026-08-09-320,20DV konteyner 750 ml sarap kapasitesi - hacim kisitli vs agirlik kisitli (turetilmis),"PALETLI (std palet, 12'li koli, 4 katman): 6.480-7.200 sise / 8.343-9.270 kg | PALETSIZ (floor loaded): 11.800-13.700 sise / 14.900-17.300 kg | AGIRLIK KISITI: 20.400-22.400 sise. BAGLAYICI KISIT = HACIM",adet,T4,Turetme (bkz. 40-lojistik/konteyner-kapasitesi.md),OFFLINE,-,-,2026-08-09,MEDIUM,ESTIMATE,180d,-,navlun-lojistik-uzmani,-,-,"Turetme zinciri: EV-301, EV-302, EV-305, EV-307, EV-308, EV-309, EV-310. Sise basi paketli agirlik 1,21-1,38 kg; sise basi paketli hacim 0,00223-0,00239 m3. 20DV ic hacim 33,14 m3, %85-92 kup kullanimi."
EV-2026-08-09-321,40HC konteyner 750 ml sarap kapasitesi - hacim kisitli vs agirlik kisitli (turetilmis),"PALETLI (std palet, 12'li koli, 4 katman): 14.400-15.120 sise / 18.540-19.467 kg | PALETLI 5 katman: 18.000-18.900 sise / 23.080-24.234 kg (karayolu limitine dayaniyor) | PALETSIZ hacim kapasitesi: 27.100-31.400 sise ANCAK AGIRLIK KISITI 19.100-21.500 sise. BAGLAYICI KISIT = AGIRLIK (Turkiye karayolu 44 t GVW)",adet,T4,Turetme (bkz. 40-lojistik/konteyner-kapasitesi.md),OFFLINE,-,-,2026-08-09,MEDIUM,ESTIMATE,180d,-,navlun-lojistik-uzmani,-,-,"Turetme zinciri: EV-302, EV-303, EV-305, EV-307, EV-308, EV-309, EV-310. 40HC'de baglayici olan konteyner payload'i (28.690 kg) DEGIL, Turkiye karayolu 44 t GVW limitinden turetilen ~24,1-27,1 t kargo tavani. Cekici+sasi darasi 13-16 t ASSUMPTION -> T-304."
EV-2026-08-09-322,"Sarapta 2 x 20DV, 1 x 40HC'den daha fazla sise tasir (agirlik limiti konteyner basina degil ARAC basina uygulanir)",2 x 20DV paletsiz: 23.600-27.400 sise | 1 x 40HC paletsiz: 19.100-21.500 sise,adet,T4,"Turetme (EV-...-320, EV-...-321)",OFFLINE,-,-,2026-08-09,MEDIUM,ESTIMATE,180d,-,navlun-lojistik-uzmani,-,-,"40HC'nin ic hacminin ~%30'u agirlik limiti nedeniyle kullanilamiyor. Sise basi navlun karsilastirmasi 40HC/20DV navlun oranina bagli; bu oran UNKNOWN -> RFQ gerekli (T-304). Konteyner basi SABIT masraflar (THC, ardiye, musavirlik ek konteyner ucreti, ic nakliye) az konteyner lehine calisir."
EV-2026-08-09-323,"LCL / FCL kirilma noktasi (750 ml sarap, sise adedi)",~5.000-7.000 sise (genis band: 1.600-9.900 sise),adet,T4,Turetme: LCL maliyet yapisi (EV-...-324) + FCL band (EV-...-333) + JSV Logistic 15 m3 kurali (EV-...-325),OFFLINE,-,-,2026-08-09,LOW,ESTIMATE,14d,-,navlun-lojistik-uzmani,-,-,"Sarap yogunlugu ~0,57 t/m3 -> LCL w/m hesabinda CBM baglayici (agirlik degil). 1 CBM ~ 449 sise. Kirilma noktasi FCL navlununa cok duyarli; FCL navlunu UNKNOWN oldugu icin band genis. 5.000 sise/yil senaryosunda tek sevkiyat ~11 m3 -> sinirda."
EV-2026-08-09-324,LCL maliyet yapisi bilesenleri (genel sektor seviyesi),Okyanus navlunu 40-180 USD/CBM; CFS/elleclleme mense 35-75 USD ve varis 45-95 USD (veya 15-40 USD/CBM her iki tarafta); varis liman/terminal/dekonsolidasyon 200-500 USD/sevkiyat; dokumantasyon 50-100 USD; minimum ucret 1 CBM,USD,T5,Suaid Global - LCL charges & fees / LCL cost per CBM,https://suaidglobal.com/insights/lcl-charges-fees-explained/,2026,-,2026-08-09,LOW,ESTIMATE,30d,-,navlun-lojistik-uzmani,-,-,"Rota bazli degil, genel band. Turkiye'ye ozgu LCL tarifesi UNKNOWN -> T-304. LCL'de cam icin ekstra elleclleme = kirilma riski artar (nicel veri UNKNOWN)."
EV-2026-08-09-325,Ispanya-Turkiye deniz tasimaciligi: transit sureler ve LCL/FCL esigi,Valencia -> Ambarli 7-10 gun; Valencia -> Mersin 5-8 gun; Valencia -> Izmir 6-9 gun; genel band 5-12 takvim gunu. LCL/FCL esigi: 15 m3'ten veya 10.000 kg'dan fazlasi FCL'i hakli kilar,gun / m3 / kg,T4,JSV Logistic - Spain-Turkey Maritime Transport: A Guide for Businesses,https://jsvlogistic.com/en/spain-turkey-maritime-transport-a-guide-for-businesses/,2026-05-19,-,2026-08-09,MEDIUM,FACT,180d,-,navlun-lojistik-uzmani,-,C-302,"Kullanilan limanlar: mense Valencia/Barcelona/Alicante/Algeciras; varis Ambarli/Mersin/Izmir. Sayfa NAVLUN RAKAMI VERMIYOR (bilincli olarak) - yalnizca sursarj yapisini sayiyor: BAF, PSS, PCS."
EV-2026-08-09-326,Maersk SLR Marmara Sea A servisi - Bati Akdeniz'den Ambarli'ya transit,Valencia -> Barcelona 3 gun; Barcelona -> Piraeus 5 gun; Piraeus -> Ambarli 2 gun (toplam ~10 gun),gun,T3,Maersk - SLR Marmara Sea A (Intra-Europe shipping routes),https://www.maersk.com/local-information/intra-europe-shipping-routes/slr-marmara-sea-a,UNKNOWN,-,2026-08-09,MEDIUM,FACT,180d,-,navlun-lojistik-uzmani,-,-,"Tasiyicinin kendi servis tarifesi. EV-...-325'i dogruluyor, C-302'nin 32-35 gun iddiasini zayiflatiyor."
EV-2026-08-09-327,Turkiye <-> Guney Afrika (Cape Town) konteyner transit suresi,"~26 gun 7 saat (Izmit'ten kalkis, 1-2 haftada bir, Maersk)",gun,T4,FluentCargo - Istanbul to Cape Town route,https://www.fluentcargo.com/routes/istanbul-tr/cape-town-za,UNKNOWN,-,2026-08-09,LOW,ESTIMATE,180d,-,navlun-lojistik-uzmani,-,-,TERS YON (Turkiye -> Cape Town). Guney Afrika -> Turkiye yonu icin dogrulanmadi; benzer olmasi beklenir ama teyit gerekli. Sefer sikligi 1-2 hafta -> dusuk frekans stok riski yaratir.
EV-2026-08-09-328,Sili (Valparaiso/San Antonio) -> Turkiye konteyner transit suresi ve navlunu,UNKNOWN,-,-,"Arama yapildi, kamuya acik rota verisi bulunamadi",-,-,-,2026-08-09,LOW,UNKNOWN,-,-,navlun-lojistik-uzmani,-,-,"Kamuya acik endeks/tarife bulunamadi. Sili -> Turkiye dogrudan servis muhtemelen yok, Akdeniz aktarmali. RFQ zorunlu -> T-304."
EV-2026-08-09-329,ABD -> Turkiye konteyner transit suresi,Genel band 18-38 gun / 4-6 hafta; New York -> Istanbul 38 gun (T5); Los Angeles -> Istanbul UNKNOWN (aktarmali),gun,T5,BR Logistics - Ship a container to Turkey,https://www.brlogistics.net/us/ship-a-container/to-turkey/,2026,-,2026-08-09,LOW,CONFLICT,180d,-,navlun-lojistik-uzmani,-,C-302,Ayni sayfa Los Angeles -> Istanbul icin 15 gun diyor; bu fiziksel olarak makul degil (Panama/Suveys uzerinden en az 30 gun). Kaynak ic tutarsiz -> C-302. California mensei icin transit sure UNKNOWN kabul edilmelidir. Benchmark urunu California mensei oldugu icin bu KRITIK.
EV-2026-08-09-330,Drewry World Container Index kompozit spot navlun degeri,4.297 USD / 40ft konteyner (haftalik %1 artis). Rota bazinda: Shanghai-New York 7.893; Shanghai-Los Angeles 5.894; Shanghai-Genoa 5.506; Shanghai-Rotterdam 4.653,USD/FEU,T4,Drewry - World Container Index (WCI),https://www.drewry.co.uk/supply-chain-advisors/supply-chain-expertise/world-container-index-assessed-by-drewry,2026-08-06,2026-08-06,2026-08-09,HIGH,FACT,14d,-,navlun-lojistik-uzmani,-,-,SPOT. Bu rotalarin HICBIRI bizim rotamiz degil - yalnizca piyasa seviyesi capasi olarak kullanilir. Turkiye'ye giris navlunu icin dogrudan kullanilamaz.
EV-2026-08-09-331,Freightos Baltic Index FBX13 (Cin/Dogu Asya -> Akdeniz) guncel degeri; endeks varis limanlari arasinda Ambarli ve Izmit var,"6.066,80 USD / 40ft konteyner (volatilite %1,92)",USD/FEU,T4,Freightos - FBX13 China to Mediterranean Container Freight Index,https://www.freightos.com/enterprise/terminal/fbx-13-china-to-mediterranean/,2026-08-09 (erisim),-,2026-08-09,MEDIUM,FACT,14d,-,navlun-lojistik-uzmani,-,-,Endeks Akdeniz varis limanlari arasinda Ambarli ve Izmit'i sayiyor -> Turkiye'ye varista piyasa seviyesi icin en yakin kamuya acik endeks. ANCAK menseimiz Cin degil -> dogrudan kullanilamaz. Sayfada tarih gosterilmiyor (sadece 'Current FBX') -> confidence MEDIUM.
EV-2026-08-09-332,Freightos haftalik piyasa raporu - Asya-Akdeniz ve Asya-Kuzey Avrupa spot seviyeleri,Asya-Akdeniz ~6.000 USD/FEU (Temmuz zirvesinin %16 altinda); Asya-Kuzey Avrupa ~5.000 USD/FEU (Temmuz zirvesinin %14 altinda),USD/FEU,T4,"Freightos - Weekly Freight Update, 6 August 2026",https://www.freightos.com/freight-resources/transpac-peak-may-stretch-on-even-as-asia-europe-ocean-cools-august-7-2026-update/,2026-08-06,2026-08-06,2026-08-09,MEDIUM,FACT,14d,-,navlun-lojistik-uzmani,-,-,Piyasa YONU icin: Agustos 2026'da Asya-Avrupa/Akdeniz spot dususte. Bizim rotalarimiz degil.
EV-2026-08-09-333,Ispanya/Avrupa -> Turkiye ve ABD -> Turkiye FCL navlun gosterge araliklari (forwarder pazarlama sayfasi),Ispanya (Valencia/Barcelona/Malaga) -> Turkiye: 1.200-4.600 EUR (20ft-40ft); Avrupa geneli: 1.200-4.600 EUR; New York -> Istanbul: 2.550-4.600 USD; Houston -> Istanbul 3.700 USD; Miami -> Istanbul 3.900 USD; Turkiye'ye genel band 1.235-7.550 USD,EUR / USD per konteyner,T5,BR Logistics - Ship a container to Turkey [UPDATED 2026],https://www.brlogistics.net/us/ship-a-container/to-turkey/,2026,-,2026-08-09,LOW,ESTIMATE,14d,-,navlun-lojistik-uzmani,-,C-302,T5 pazarlama sayfasi. Neyin dahil oldugu (all-in mi base mi) YAZMIYOR -> bu tek basina modele giremez. Ayni sayfanin transit sureleri (Valencia-Istanbul 32-35 gun) T4 kaynaklarla CELISIYOR -> C-302. Gercek navlun icin RFQ zorunlu -> T-304.
EV-2026-08-09-340,Turk konteyner terminali ithalat tarifesi - kapi cikis elleclleme (THC) ve ardiye gunluk ucretleri,"Kapi cikis/terminal: 20ft ve 40-45ft standart 113 USD; reefer 119 USD; OOG 226 USD. Ardiye standart konteyner: 20ft 0-5. gun 37 USD/gun, 6-10. gun 43, 11+ gun 52; 40-45ft 0-5. gun 58, 6-10. gun 66, 11+ gun 75. Reefer ardiye 112-155 USD/gun. IMO tehlikeli yukte %20 surprim",USD,T4,Beldeport - Konteyner Ithalat Tarifesi,https://www.beldeport.com.tr/tr-TR/konteyner-ithalat-tarifesi/247,UNKNOWN (guncel yayin),UNKNOWN,2026-08-09,MEDIUM,FACT,90d,-,navlun-lojistik-uzmani,-,-,"Faturalar TCMB kuru ile TL olarak kesiliyor; (*) isaretli hizmetlerde KDV var. ARDIYE FREE TIME gun sayisi sayfadan cikarilamadi -> UNKNOWN, T-304. Beldeport Ambarli degil; Ambarli terminalleri (Marport/Kumport/Mardas) tarifesi alinamadi -> seviye gostergesi olarak kullanildi."
EV-2026-08-09-341,"Asyaport 2026 ithalat saha hizmetleri tarifesi - ardiye, ic bosaltim ve muayene ucretleri","Ithalat dolu konteyner ardiye: 20ft 1-5.gun 33 USD, 6-10 37, 11-15 43, 16+ 51; 40ft 1-5 58, 6-10 65, 11-15 76, 16+ 90. Reefer ardiye: 20ft 1-5 135 / 6+ 165; 40ft 1-5 165 / 6+ 205. Ic bosaltim: 20ft 275 USD + KDV, 40ft 350 USD + KDV. Tam muayene: 20ft 2.322 TL, 40ft 3.249 TL + KDV. Kismi muayene: 20ft 1.973 TL, 40ft 2.787 TL",USD / TL,T4,Asyaport - Ithalat Saha Hizmetleri Tarifesi,https://www.asyaport.com/tr-TR/2025-ithalat-saha-hizmetleri-tarifesi/2513978,2026,2026,2026-08-09,MEDIUM,FACT,90d,-,navlun-lojistik-uzmani,-,-,KRITIK GOZLEM: reefer ardiyesi kuru konteynerin ~4 katI (20ft 135 vs 33 USD/gun). Sarapta reefer secilirse ve gumrukte beklenirse maliyet patlar. Alkollu icki ithalatinda muayene/numune olasiligi yuksek -> tam/kismi muayene kalemi butcelenmeli.
EV-2026-08-09-342,2026 Yili Gumruk Musavirligi Asgari Ucret Tarifesi - deniz yoluyla ithalat ve antrepo beyannamesi,"ITH-2 (deniz yoluyla gelip limanda yapilan ithalat): 4.670 TL/beyanname. ITH-13 CIF kademesi: 0-15.000 USD tarife tutari; 15.001-225.000 USD icin asan kismin %0,3'u; 225.001-2.000.000 USD icin asan kismin %0,1'i. ITH-14 (ikinci ve sonraki her konteyner): 1.350 TL. ITH-15 (11. ve sonraki her kalem): 70 TL. ANT-1 antrepo beyannamesi: 0-15.000 USD 1.350 TL; 15.001-225.000 USD icin asan kismin %0,1'i. ANT-3 (ek konteyner): 1.000 TL. OZ-4 (laboratuvar tahlili, ekspertiz, TSE/DTS islemleri) her islem 940 TL",TRY,T3,Gumruk Musavirleri Dernekleri - 2026 Yili Gumruk Musavirligi Asgari Ucret Tarifesi (EK-1),https://www.karacagumrukleme.com/upload/source/2026/01/07c6f38578a79ffec7f58968239b7613.pdf,2026-01,2026-01-01,2026-08-09,HIGH,FACT,1y,-,navlun-lojistik-uzmani,-,-,ASGARI tarife - fiili ucret bunun uzerinde olabilir. Alkollu icki ithalatinda antrepo + serbest dolasima giris olmak uzere IKI beyanname olacagi icin ANT-1 + ITH-2 birlikte hesaplanmalidir. OZ-4 kalemi analiz/ekspertiz islemleri icin ayrica cikacaktir.
EV-2026-08-09-343,Maersk Turkiye ITHALAT demurrage & detention tarifesi - free time ve gunluk ucretler,"Free time: 1-7 takvim gunu (ucretsiz). 8-12. gun: 20ft 60 USD/gun, 40ft 75 USD/gun. 13-17. gun: 20ft 80, 40ft 115. 18+ gun: 20ft 100, 40ft 150. Turkiye ithalatta terminal ardiyesi (storage) tasiyici tarafindan degil TERMINAL ISLETMECISI tarafindan ayrica faturalanir",USD/gun,T3,Maersk - Turkey Imports (Local Information),https://www.maersk.com/local-information/europe/turkey/import,2025-09-15,2025-09-15,2026-08-09,HIGH,FACT,90d,-,navlun-lojistik-uzmani,-,-,KRITIK: ardiye (terminal) VE D&D (hat) AYRI AYRI isler -> gecikmede iki saat birden calisir. Diger hatlarin tarifesi farkli olabilir. Genel sektor pratigi Turkiye'de free time 7-14 gun.
EV-2026-08-09-344,Ruhsat/analiz/bandrol beklemesi senaryosunda 20DV basina liman bekleme maliyeti (turetilmis),"21 gun bekleme: D&D ~1.100 USD + ardiye ~972 USD = ~2.072 USD/20DV (~0,16 USD/sise). 60 gun bekleme: D&D ~5.000 USD + ardiye ~3.000 USD = ~8.000 USD/20DV (~0,61 USD/sise)",USD,T4,"Turetme (EV-...-340, EV-...-343)",OFFLINE,-,-,2026-08-09,MEDIUM,ESTIMATE,90d,-,navlun-lojistik-uzmani,-,-,"Ardiye free time UNKNOWN kabul edilerek 1. gunden hesaplandi (muhafazakar). Karsi tedbir: konteyneri hizla ANTREPOYA cekip bosaltmak -> detention ve ardiye durur, cok daha ucuz antrepo ucreti baslar (EV-...-350). Bekleme gun sayisi mevzuat-ruhsat-uzmani'ndan gelmeli -> T-301."
EV-2026-08-09-350,Turkiye gumruklu antrepo paletli depolama birim ucreti (gosterge),"~0,35 EUR / palet / gun",EUR/palet/gun,T5,FixAntrepo - Gumruklu Antrepo Ardiye Hesaplama / 2026 Gumruklu Antrepo Fiyatlari,https://www.fixantrepo.com.tr/gumruklu-antrepo-ardiye-hesaplama/,2026,-,2026-08-09,LOW,ESTIMATE,90d,-,navlun-lojistik-uzmani,-,-,"T5 ticari blog. Firma/lokasyon bazinda cok degisir; giris-cikis ellecleme, minimum sure, sigorta ayrica. Alkollu ickiye uygun (OTV'li urun) genel antrepo yetkisi gerekiyor mu -> mevzuat-ruhsat-uzmani. Buyuklugu kavramak icin: 10 palet x 60 gun x 0,35 EUR = 210 EUR -> limanda 60 gun beklemenin (~8.000 USD) yaninda ihmal edilebilir."
EV-2026-08-09-351,Turkiye ic nakliye - limandan depoya konteyner cekme ucreti,"UNKNOWN (yalnizca cok genis genel band bulundu: 3.000-30.000 TL, mesafeye gore, KDV haric)",TRY,T5,Erciyes Lojistik / Ambarli Nakliye - 2026 konteyner nakliye fiyat listeleri,https://erciyeslojistik.com/2026/01/16/konteyner-nakliyesi-2026/,2026-01-16,-,2026-08-09,LOW,UNKNOWN,90d,-,navlun-lojistik-uzmani,-,-,Band o kadar genis ki modele giremez. Ambarli -> Istanbul Avrupa yakasi depo icin gercek teklif gerekli -> T-304.
EV-2026-08-09-360,Deniz kargo sigortasi prim orani ve teminat degeri esasi,"Prim: sigortali degerin %0,1-1,5'i (genel); tipik %0,3-0,6. Teminat degeri: CIF + %10 (uluslararasi standart); kirilgan/yuksek degerli yukte %15-30'a cikarilabilir. CIF Incoterms 2020'de saticinin asgari yukumlulugu ICC (C), %110 deger uzerinden",%,T5,BRF Logistics / IncoDocs / ShipFinex derlemesi,https://brf-logistics.com/how-is-marine-cargo-insurance-calculated/,2026,-,2026-08-09,LOW,ESTIMATE,180d,-,navlun-lojistik-uzmani,-,-,Sarap KIRILGAN yuk -> bandin ust ucu beklenmeli. ICC (C) kirilmayi KAPSAMAZ; sarapta ICC (A) 'all risks' + ozel kirilma/termal sok teminati gerekir. Turk sigorta sirketinden gercek kotasyon UNKNOWN -> T-304. UYARI: CIF terimiyle alim yapilirsa sigorta satici fiyatinin icindedir -> AYRICA maliyet yazilamaz (cift sayim).
EV-2026-08-09-361,Icecek lojistiginde tasiyicinin sinirli sorumlulugu ve kargo sigortasi kapsami,"Deniz tasimasinda tasiyici sorumlulugu kilogram basina yalnizca 3 USD ile sinirli. Uzman icecek kargo sigortasi: dogal afet, carpisma, kontaminasyon, yangin, hirsizlik, TERMAL SOK, SARAP BOZULMASI (wine spoilage) ve musterek avarya masraflarini kapsar",USD/kg,T4,Hillebrand Gori - How to get the best shipping rates for wine shipments,https://www.hillebrandgori.com/media/publication/how-to-get-the-best-shipping-rates-for-wine-shipments,2023-10-31,-,2026-08-09,MEDIUM,FACT,1y,-,navlun-lojistik-uzmani,-,-,"3 USD/kg sinir: 1,26 kg'lik bir dolu sise icin tasiyici sorumlulugu ~3,8 USD -> pahali sarapta yetersiz, fiyat/performans sarabinda yeterli olabilir. Termal sok ve sarap bozulmasi teminatinin AYRICA satin alinabildigi bu kaynakla dogrulandi."
EV-2026-08-09-370,Sarapta sicaklik hasari esigi ve kuru konteynerde yaz sevkiyati pratigi,20 C uzerinde oksidasyon hizlanir ve aroma kaybi olur; isi sivi genlesmesi ile mantari iteler (kacirma/leakage). Kuru konteyner kullanan sevkiyatcilar tipik olarak YAZ SEVKIYATINDAN KACINIR,C,T5,MOL Logistics blog / FreightAmigo derlemesi,https://blog.mol-logistics-group.com/en/blog/wine-shipment,UNKNOWN,-,2026-08-09,LOW,ESTIMATE,180d,-,navlun-lojistik-uzmani,-,-,Kuru konteyner ICINDEKI fiili sicaklik olcumu (rota/mevsim bazli) bulunamadi -> UNKNOWN. Beklenen fire orani UNKNOWN.
EV-2026-08-09-371,Izolasyon liner (thermal liner) performansi ve reefer'a gore konumu,"Liner sicaklik artisini ortalama 8-11 C ile sinirlar; yuk liner icinde muhurlendikten sonra ic sicaklik en fazla 11 C artar. Liner, reefer'a gore %23 daha dusuk sera gazi; dis guc kaynagi gerektirmez",C / %,T4,Hillebrand Gori - Insulated Container: What It Is and Why You Need It,https://www.hillebrandgori.com/media/publication/insulated-container-what-it-is-and-why-you-need-it,2022-05-26,-,2026-08-09,MEDIUM,FACT,1y,-,navlun-lojistik-uzmani,-,-,"LINER BIRIM MALIYETI KAYNAKTA YOK -> UNKNOWN, T-304. Metin 'ortalama 8-11 C artis' ile 'en fazla 11 C'ye cikar' arasinda mugliak; ihtiyatla okunmali."
EV-2026-08-09-372,Reefer konteynerin kuru konteynere gore maliyet primi,Sicaklik kontrollu tasima standart tasimaya gore %20-50 prim tasir. Ornek: ~1.000 kasa icin reefer ~2.000 GBP,%,T5,FreightAmigo / Jancis Robinson derlemesi,https://www.freightamigo.com/en/blog/logistics/best-practices-for-temperature-controlled-wine-shipping/,UNKNOWN,-,2026-08-09,LOW,ESTIMATE,90d,-,navlun-lojistik-uzmani,-,-,Okyanus navlunu primi. AYRICA terminal tarafinda reefer ardiyesi kuru konteynerin ~4 kati (EV-...-341) ve reefer kapi cikis ucreti biraz daha yuksek (EV-...-340). Gumrukte bekleme olursa reefer maliyeti katlanir.
EV-2026-08-09-380,Ithal alkollu ickide bandrol/kodlu etiketin fiziksel olarak nerede uygulandigi (OPERASYONEL),"Bandrol/kodlu etiket, yabanci uretim tesisinde VEYA Turkiye'de belirlenmis antrepolarda (Istanbul, Izmir, Mersin) serbest dolasima girmeden once uygulanir",-,T5,Bigpara/Hurriyet haberi + TADAB Bandrollu Urun Izleme Sistemi tebligi referansi,https://bigpara.hurriyet.com.tr/haberler/ekonomi-haberleri/alkollu-ickilerde-2026-ucret-tarifesi-belli-oldu_ID1622712/,2026,-,2026-08-09,LOW,UNKNOWN,180d,-,navlun-lojistik-uzmani,-,-,"T5 - TEK BASINA KULLANILAMAZ. Mevzuat tarafi mevzuat-ruhsat-uzmani'nda (T-301). LOJISTIK SONUCU: bandrol antrepoda yapiliyorsa (a) konteyner limandan hizla cekilmeli, (b) antrepo dwell suresi lead-time'a eklenir, (c) bandrol hizi (sise/gun) operasyonel darbogaz olur. Bandrolleme birim maliyeti ve kapasitesi UNKNOWN."
EV-2026-08-09-401,Dunya siselenmis sarap (<2 l) ortalama ihracat fiyati 2025,4.53,EUR/litre,T3,OIV — State of the World Wine Sector in 2025 (s.18),https://www.oiv.int/sites/default/files/2026-05/OIV-State_of_the_World_Wine_Sector_in_2025.pdf,2026-05,2025,2026-08-09,HIGH,FACT,1y,-,global-sourcing-kasifi,-,-,Dunya ortalamasi; f/p segmenti bunun altinda. Katman L1 yakinsamasi.
EV-2026-08-09-402,Dunya dokme sarap (>10 l) ortalama ihracat fiyati 2025,0.75,EUR/litre,T3,OIV — State of the World Wine Sector in 2025 (s.18),https://www.oiv.int/sites/default/files/2026-05/OIV-State_of_the_World_Wine_Sector_in_2025.pdf,2026-05,2025,2026-08-09,HIGH,FACT,1y,-,global-sourcing-kasifi,-,-,750 ml sivi karsiligi 0.56 EUR; kuru malzeme haric.
EV-2026-08-09-403,OIV Table 5 — baslica ihracatcilarin 2025 hacim/deger ve siselenmis payi,tablo,mhl/bn EUR/%,T3,OIV — State of the World Wine Sector in 2025 (Table 5),https://www.oiv.int/sites/default/files/2026-05/OIV-State_of_the_World_Wine_Sector_in_2025.pdf,2026-05,2025,2026-08-09,HIGH,FACT,1y,-,global-sourcing-kasifi,-,-,Dikey yapi yuzdeleri tabloda 2024 basligiyla; metin bazi ulkeler icin 2025 verir.
EV-2026-08-09-404,Ulke bazinda siselenmis sarap ortalama ihracat birim degeri 2025 (turetilmis),IT 4.39 / ES 2.87 / FR 7.79 / CL 2.68 / AU 4.99 / PT 3.43 / ZA 2.72 / US 7.89 / AR 3.75,EUR/litre,T3,Turetme — OIV Table 5,https://www.oiv.int/sites/default/files/2026-05/OIV-State_of_the_World_Wine_Sector_in_2025.pdf,2026-05,2025,2026-08-09,MEDIUM,SUPERSEDED,1y,-,global-sourcing-kasifi,-,-,ULKE ORTALAMASI; f/p segmenti altinda. Katman L1.
EV-2026-08-09-405,Turkiye 2025 HS 220421 ithalatinda mense bazli CIF birim degerleri,ES 2.71 / MD 2.46 / GE 2.57 / CL 2.89 / PT 3.20 / IT 3.65 / BG 3.89 / FR 6.27,USD/litre (CIF),T3,UN Comtrade (raportor Turkiye),https://comtradeapi.un.org/public/v1/preview/C/A/HS?reporterCode=792&period=2025&cmdCode=220421&flowCode=M&customsCode=C00&motCode=0,2026,2025,2026-08-09,MEDIUM,FACT,180d,-,global-sourcing-kasifi,-,-,KATMAN L2. Gumruk kiymeti tartismasi degildir.
EV-2026-08-09-406,Turkiye 2024 HS 220421 ithalatinda mense bazli CIF birim degerleri,toplam 17619494 l / 66421236 USD / ort 3.77,USD/litre (CIF),T3,UN Comtrade (raportor Turkiye),https://comtradeapi.un.org/public/v1/preview/C/A/HS?reporterCode=792&period=2024&cmdCode=220421&flowCode=M&customsCode=C00&motCode=0,2025,2024,2026-08-09,MEDIUM,FACT,180d,-,global-sourcing-kasifi,-,-,"Yil bazinda mense oynakligi yuksek (Yunanistan -%97, Bulgaristan sifirdan 1.38 m l)."
EV-2026-08-09-407,Turkiye 2025'te HS 220429 (dokme sarap) ithalati pratikte sifir,628,litre,T3,UN Comtrade (raportor Turkiye),https://comtradeapi.un.org/public/v1/preview/C/A/HS?reporterCode=792&period=2025&cmdCode=220429&flowCode=M&customsCode=C00&motCode=0,2026,2025,2026-08-09,MEDIUM,FACT,180d,-,global-sourcing-kasifi,-,-,Bulk hipotezi icin sinyal. Nedeni bu ajanin alani degildir.
EV-2026-08-09-408,Interbrosa (ES) private label MOQ = 4 palet / ~3000 sise per sarap,3000,sise,T4,Interbrosa Family Wines — Private Brands,https://www.interbrosa.com/private-brands/,UNKNOWN,UNKNOWN,2026-08-09,MEDIUM,FACT,90d,-,global-sourcing-kasifi,-,C-401,quote_type INDICATIVE. Pilot hacmi (5000 sise) ile uyumlu.
EV-2026-08-09-409,Vina Maria (ES) private label MOQ = 1 x 20 ft karisik konteyner (2 SKU),1 x 20ft mixed,konteyner,T4,Vina Maria — Private Label OEM Wine,https://www.vinamaria.es/private-label-oem-wine,UNKNOWN,UNKNOWN,2026-08-09,MEDIUM,FACT,90d,-,global-sourcing-kasifi,-,C-401,quote_type INDICATIVE. Yillik uretim 15 m sise+. Fiyat listesi mevcut oldugu beyan ediliyor.
EV-2026-08-09-410,"The Wine Factory (FR) private label MOQ 3600 sise, lead time 4-6 hafta",3600 sise / 4-6 hafta,sise; hafta,T4,"The Wine Factory SARL, Gornac & Valros",https://www.twf-wines.com/,UNKNOWN,UNKNOWN,2026-08-09,MEDIUM,FACT,90d,-,global-sourcing-kasifi,-,C-401,quote_type INDICATIVE. 'Odeme sonrasi' ifadesi pesin odeme ipucu; teyit edilmedi.
EV-2026-08-09-411,FMS Wine Marketing (ZA) private label anahtar teslim ~4 hafta,~4,hafta,T4,FMS Wine Marketing — Private Label & Bulk Wine,https://fms-wine-marketing.co.za/private-label-bulk-wine/,UNKNOWN,UNKNOWN,2026-08-09,LOW,FACT,90d,-,global-sourcing-kasifi,-,-,MOQ UNKNOWN. Uretici degil pazarlama/aracilik firmasi — ek marj katmani riski.
EV-2026-08-09-412,Origin Wine (ZA/UK) bespoke brands hizmeti; 100+ m litre/yil,100+,milyon litre/yil,T4,Origin Wine kurumsal sitesi,https://origin.wine/,UNKNOWN,UNKNOWN,2026-08-09,MEDIUM,FACT,90d,-,global-sourcing-kasifi,-,-,MOQ UNKNOWN. Coklu mense (ZA/AR/CH) — tedarikci bagimliligi riskini azaltabilir. Turkiye pazar listesinde yok.
EV-2026-08-09-413,Kingston Estate (AU) Avustralya'nin en buyuk private brand ureticisi iddiasi; 50+ m litre/yil,50+,milyon litre/yil,T4,Kingston Estate Wines — Bulk Wine / Private Label,https://www.kingstonestatewines.com/bulk-wine/,UNKNOWN,UNKNOWN,2026-08-09,MEDIUM,FACT,90d,-,global-sourcing-kasifi,-,-,BULK odakli; siselenmis bitmis urun MOQ'su UNKNOWN. Haftada 50-70 x 24000 L flexitank.
EV-2026-08-09-414,Scheid Family Wines (California) full-service private label programi,VAR,-,T4,Scheid Family Wines — Private Label Brands,https://scheidfamilywines.com/pages/private-label-brands,UNKNOWN,UNKNOWN,2026-08-09,MEDIUM,FACT,90d,-,global-sourcing-kasifi,-,-,MOQ/fiyat/lead time UNKNOWN. Benchmark mensei (California) ile Model B eslesme adayi.
EV-2026-08-09-415,Antawara Vineyards (CL) ithalatci private label uzmani; 12+ ulke,12+,ulke,T4,Antawara Vineyards — Private Labels & OEM,https://antawara-wines.cl/private-labels/,UNKNOWN,UNKNOWN,2026-08-09,MEDIUM,FACT,90d,-,global-sourcing-kasifi,-,-,MOQ 'convenient' denip sayi verilmemis = UNKNOWN. 5 kalite kademesi; hedef Entry/Varietal.
EV-2026-08-09-416,Corta Hojas (CL) private label sise + BIB + dokme; %100 ihracat odakli,%100 ihracat,-,T4,Corta Hojas Export Wine — Private Label Wines,https://www.cortahojas.com/private-labels-wines.php,UNKNOWN,UNKNOWN,2026-08-09,MEDIUM,FACT,90d,-,global-sourcing-kasifi,-,-,MOQ ve fiyat UNKNOWN. Sili-Turkiye hatti fiilen calisiyor (bkz EV-405).
EV-2026-08-09-417,Vinicola Vedovato (IT) private label; EXW/FOB/CIF/DAP ile calisiyor,"EXW, FOB, CIF, DAP",Incoterm,T4,Vinicola Vedovato Mario SRL,https://www.vinicolavedovato.com/en/how-to-start-a-private-label-wine-business/,UNKNOWN,UNKNOWN,2026-08-09,MEDIUM,FACT,90d,-,global-sourcing-kasifi,-,-,Incoterm listesi iletisim formundan okundu; fiili uygulama degil muzakere edilebilirlik gosterir.
EV-2026-08-09-418,"Casa Santos Lima (PT) ~%90 ihracat, ~50 ulke, fiyat-kalite odakli coklu marka",~50 ulke / ~%90,ulke; %,T4,Casa Santos Lima kurumsal sitesi,https://www.casasantoslima.com/en/,UNKNOWN,UNKNOWN,2026-08-09,MEDIUM,FACT,90d,-,global-sourcing-kasifi,-,-,Private label sitede anilmiyor = UNKNOWN. Oncelikle MODEL A adayi.
EV-2026-08-09-419,Moldova siselenmis sakin sarap ortalama ihracat fiyati 8A2025 = 1.98 USD/sise,1.98,USD/sise,T4,Wine Intelligence / VinoVistara (kaynak ONVV / Wine of Moldova),https://wine-intelligence.com/blogs/wine-analytics-pricing-report-data/moldova-s-wine-exports-in-the-first-8-months-of-2025-mixed-signals-in-a-transforming-market,2025-09-18,2025-01/2025-08,2026-08-09,MEDIUM,SUPERSEDED,180d,-,global-sourcing-kasifi,-,-,Sise hacmi 750 ml VARSAYILDI ama kaynakta yazmiyor. Katman L1 yakinsamasi.
EV-2026-08-09-420,Wine Australia — sarap ihracatinda odeme yontemleri ve yeni iliskide open account riski,advance / L-C / documentary collection / open account / consignment,odeme yontemi,T3,Wine Australia — Export Ready Hub,https://www.wineaustralia.com/selling/export-ready-hub/which-export-payment-method-is-best-for-your-business,UNKNOWN,-,2026-08-09,MEDIUM,FACT,1y,-,global-sourcing-kasifi,-,-,Sektor rehberi; tedarikci teklifi degil. KKDF etkisi gumruk-vergi-uzmani alani (T-404).
EV-2026-08-09-421,f/p segmenti 750 ml FOB gosterge bandi — kanitla sinirlandirilmis,alt sinir 0.56 EUR (sivi) / ust sinir 1.85-2.40 USD (CIF tavani),EUR ve USD / 750 ml,T3,Turetme — EV-402 + EV-405 + EV-419,-,-,2025,2026-08-09,LOW,SUPERSEDED,90d,-,global-sourcing-kasifi,-,-,TEKLIF DEGILDIR. Kur donusumu YAPILMADI. Tek fiyat girdisi olarak kullanilamaz.
EV-2026-08-09-422,Benchmark 'Gold Country' ureticisi/sisleyicisi dogrulanamadi,UNKNOWN,-,T5,Web aramasi (Vivino / Wine-Searcher / perakendeciler),https://www.wine-searcher.com/find/gold+country+cab+sauv+california+usa,-,-,2026-08-09,LOW,UNKNOWN,90d,-,global-sourcing-kasifi,-,-,Mense tanimi kaynaklar arasi celiskili (Sierra Foothills vs Central Valley) — C-403.
EV-2026-08-09-423,Komsu benchmark 'Central Creek' (AU) ureticisi bulunamadi,UNKNOWN,-,T5,Web aramasi,-,-,-,2026-08-09,LOW,UNKNOWN,90d,-,global-sourcing-kasifi,-,-,Ozel marka (private label) hipotezi; iddia degildir. T-405 ile turkiye-pazar-kasifi'na devredildi.
EV-2026-08-09-424,Agregator iddiasi: private label tipik MOQ 300-1200 sise,300-1200,sise,T5,usetorg.com — Private Label Wine,https://usetorg.com/blog/private-label-wine,UNKNOWN,-,2026-08-09,LOW,CONFLICT,90d,-,global-sourcing-kasifi,-,C-401,Dogrulanmis uretici beyanlariyla celisiyor (3000 / 3600 / 1x20ft).
EV-2026-08-09-425,"2025 dunya sarap uretimi 227 mhl, tuketimi 208 mhl",uretim 227 / tuketim 208,mhl,T3,OIV — State of the World Wine Sector in 2025,https://www.oiv.int/sites/default/files/2026-05/OIV-State_of_the_World_Wine_Sector_in_2025.pdf,2026-05,2025,2026-08-09,HIGH,FACT,1y,-,global-sourcing-kasifi,-,-,Alici lehine muzakere ortami sinyali; 'distilasyon krizi firsati' degildir.
EV-2026-08-09-426,Turkiye 2025 toplam HS 220421 ithalati 17.85 m litre / 66.88 m USD CIF,17848518 l / 66876002 USD,litre; USD (CIF),T3,UN Comtrade (raportor Turkiye),https://comtradeapi.un.org/public/v1/preview/C/A/HS?reporterCode=792&period=2025&cmdCode=220421&flowCode=M&customsCode=C00&motCode=0,2026,2025,2026-08-09,MEDIUM,FACT,180d,-,global-sourcing-kasifi,-,-,CAPRAZ IPUCU: pazar yorumu turkiye-pazar-kasifi alani. Sourcing cikarimi: ithalat hatti calisiyor.
EV-2026-08-09-427,"Ispanya 2025 ortalama sarap ihracat fiyati 1.29 EUR/l, dokme 0.79 EUR/l",1.29 / 0.79,EUR/litre,T5,Ispanyol sektor basini (birincil kaynak OEMV olarak gosteriliyor),https://www.oemv.es/exportaciones,2026,2025,2026-08-09,LOW,ESTIMATE,180d,-,global-sourcing-kasifi,-,-,BIRINCIL KAYNAK OKUNMADI. Modele giremez; yalnizca EV-402 ile tutarlilik kontrolu.
EV-2026-08-09-428,"Les Grands Chais de France — 178 ulke, ~44 m koli (2021), private label uretimi",178 ulke / ~44 m koli,ulke; 9L koli,T5,"Sektor basini (the-buyer, ibwsshow, wein.plus)",https://ibwsshow.com/en/blog/exhibitor-profiles-67/groupe-granda-chais-de-france-a-group-where-difference-counts-213.htm,UNKNOWN,-,2026-08-09,LOW,ESTIMATE,180d,-,global-sourcing-kasifi,-,-,"Kurumsal site groupegcf.com 2026-08-09'da HTTP 503 — DOGRULANAMADI, havuza alinmadi."
EV-2026-08-09-501,"Metro Turkiye rafinda Gold Country California Colombard-Chardonnay 2023 750 ml etiket fiyati 599,90 TL goruldu",599.90,TRY,T4,Metro Turkiye magaza rafi - kullanici fotografi,PHOTO,2026-08-09,2026-08-09,2026-08-09,HIGH,FACT,30d,-,turkiye-pazar-kasifi,-,-,Fotograftan okundu; KDV/katman/promosyon bu kartla KANITLANMAZ
EV-2026-08-09-502,"Metro Turkiye rafinda Central Creek (Avustralya) etiket fiyati 649,90 TL goruldu",649.90,TRY,T4,Metro Turkiye magaza rafi - kullanici fotografi,PHOTO,2026-08-09,2026-08-09,2026-08-09,HIGH,FACT,30d,-,turkiye-pazar-kasifi,-,-,Hacim 750 ml DOGRULANMADI
EV-2026-08-09-503,Metro Turkiye haftalik brosurunde tum fiyatlar 'KDV'li' ibaresiyle yayinlanir,KDV'li,-,T4,Metro Turkiye resmi brosuru 5-11 Agustos 2026,https://www.kataloglar.com.tr/metro/metro-katalog-arambadan-itibaren-05-08-2026-38368/,2026-08-05,2026-08-05,2026-08-09,HIGH,FACT,30d,10-evidence/raw/snapshots/EV-2026-08-09-503-metro-katalog-kdvli-fiyat.png,turkiye-pazar-kasifi,-,-,OQ-001 icin ana kanit; KDV haric ikinci fiyat yok
EV-2026-08-09-504,Metro brosur etiket anatomisi: ustu cizili KDV'li normal fiyat + KDV'li indirimli fiyat + birim fiyat,"499,90 -> 434,90 TL KDV'li",TRY,T4,Metro Turkiye Temizlik-Kisisel Bakim brosuru 01-31.08.2026,https://www.kataloglar.com.tr/metro/metro-temizlik-kiisel-bakm-cumartesinden-itibaren-01-08-2026-38257/,2026-08-01,2026-08-01,2026-08-09,HIGH,FACT,30d,10-evidence/raw/snapshots/EV-2026-08-09-504-metro-temizlik-katalog-01-31-agustos-2026.png,turkiye-pazar-kasifi,-,-,Ikinci sayi KDV haric degil BIRIM FIYATTIR
EV-2026-08-09-505,Metro Turkiye'den herkes alisveris yapabilir; bireysel musteri ucretsiz Metro Kart ile son tuketici olarak alir,Herkes,-,T4,Metro Turkiye SSS,https://www.metro-tr.com/hakkimizda/sss,UNKNOWN,UNKNOWN,2026-08-09,HIGH,FACT,180d,-,turkiye-pazar-kasifi,-,-,Katman sorusu icin belirleyici: Metro fiyati fiilen tuketiciye acik
EV-2026-08-09-506,Perakende satista etiket tum vergiler dahil fiyati gosterir; toptan+perakende birlikte yapilan yerde perakende hukumleri uygulanir,tum vergiler dahil,-,T1,Fiyat Etiketi Yonetmeligi RG 28.06.2014/29044 (ikincil veritabani uzerinden),https://www.lexpera.com.tr/resmi-gazete/metin/fiyat-etiketi-yonetmeligi-29044,2014-06-28,2014-06-28,2026-08-09,MEDIUM,FACT,180d,-,turkiye-pazar-kasifi,-,-,RG/mevzuat.gov.tr 503 verdi; T-501 ile mevzuat-ruhsat-uzmani dogrulayacak
EV-2026-08-09-507,Metro brosur kunyesi: brosur fiyatlari sevkiyat hizmeti alan musterilere uygulanmaz; tipografik hatada magaza fiyati gecerlidir,kunye metni,-,T4,Metro Turkiye brosur kunyesi 05-11.08.2026,https://www.kataloglar.com.tr/metro/metro-katalog-arambadan-itibaren-05-08-2026-38368/,2026-08-05,2026-08-05,2026-08-09,HIGH,FACT,30d,10-evidence/raw/snapshots/EV-2026-08-09-507-metro-brosur-kunye.png,turkiye-pazar-kasifi,-,-,Magaza fiyati != sevkiyat/HoReCa teslimat fiyati
EV-2026-08-09-508,"Metro kampanyalarinda alim hedefi KDV haric, cek KDV dahil; alkol tum kampanyalarin disinda",KDV haric hedef,-,T4,Metro Turkiye kampanya kosullari,https://www.metro-tr.com/sadakat-yeni-musteri-mayis-2026,2026,2026-05-01,2026-08-09,HIGH,FACT,90d,-,turkiye-pazar-kasifi,-,-,Metro'nun muhasebe dili net; etiket dili brut. Alkolde promosyon mekanigi kisitli
EV-2026-08-09-509,iyisarap.plus'ta stokta ithal sarap n=80; min 875 TL; 400-800 TL bandinda stokta ithal SKU YOK,875.00,TRY,T4,iyisarap.plus Shopify urun feed'i,https://iyisarap.plus/collections/ithal-saraplar/products.json,2026-08-10,2026-08-09,2026-08-09,MEDIUM,SUPERSEDED,30d,-,turkiye-pazar-kasifi,-,C-501,Stokta olmayan 349 listelemede gerceklik disi eski fiyatlar var
EV-2026-08-09-510,iyisarap.plus'ta stokta yerli sarap n=394; min 460 TL; 600-800 TL bandinda 25 SKU,460.00,TRY,T4,iyisarap.plus Shopify urun feed'i,https://iyisarap.plus/products.json,2026-08-10,2026-08-09,2026-08-09,MEDIUM,SUPERSEDED,30d,-,turkiye-pazar-kasifi,-,C-501,Benchmark bandini bu kanalda yalnizca yerli uretici dolduruyor
EV-2026-08-09-511,Zincir market (Migros/CarrefourSA) online kanalinda sarap raf fiyati gozlemlenemedi,UNKNOWN,TRY,T5,Migros/CarrefourSA web erisim denemeleri,https://www.migros.com.tr/arama?q=sarap,-,-,2026-08-09,LOW,UNKNOWN,30d,-,turkiye-pazar-kasifi,-,-,OQ-001'in 4. dogrulama yolu kapandi; fiziksel magaza gozlemi gerekiyor
EV-2026-08-09-512,"T5 icerik sitelerine gore Metro'da Doluca 75cl 630 TL, Grand Reserve Bogazkere 570 TL, Sarafin 1400 TL",630.00,TRY,T5,akademikpersonel.org / habergazetesi.com.tr / kamupersonel.com.tr,https://akademikpersonel.org/metro-alkol-fiyatlari/,2026-01-15,UNKNOWN,2026-08-09,LOW,UNKNOWN,30d,-,turkiye-pazar-kasifi,-,-,MODELE GIREMEZ; uc site ayni tabloyu tekrarliyor
EV-2026-08-09-513,"Diageo Turkiye ithal sarap markalari: Cielo, Ruffino, Chateau Bel Air",3 marka,adet,T4,Diageo Turkiye resmi sitesi,https://www.diageoturkiye.com/markalarimiz/ithal-ettigimiz-ickiler/ithal-sarap.html,UNKNOWN,UNKNOWN,2026-08-09,MEDIUM,FACT,180d,-,turkiye-pazar-kasifi,-,-,Ithalatci haritasinin sadece bir parcasi
EV-2026-08-09-514,Incelenen tum Metro brosurlerinde (58 sayfa) alkollu icki/sarap fiyati YOK,0,adet,T4,Metro Turkiye kataloglari 2026,https://www.kataloglar.com.tr/metro/,2026-07-08,2026-07-08,2026-08-09,HIGH,FACT,90d,-,turkiye-pazar-kasifi,-,-,Alkolde brosur/online fiyat kesfi yapisal olarak kapali
EV-2026-08-09-515,Turkiye sarap ithalat hacmi ve mensei kirilimi resmi kaynaktan DOGRULANAMADI,UNKNOWN,litre,T2,TADAB Resmi Istatistikler / Ticaret Bakanligi / TUIK,https://www.tarimorman.gov.tr/TADAB/Link/38/Resmi-Istatistikler,-,-,2026-08-09,LOW,UNKNOWN,90d,-,turkiye-pazar-kasifi,-,-,TADAB istatistik sayfasinda yalnizca yakit biyoetanolu var; diger kaynaklar 503
EV-2026-08-10-101,"3065 sayili KDV Kanunu md.29/1-b uyarinca ITHAL OLUNAN MAL VE HIZMETLER DOLAYISIYLA ODENEN KDV, mukellefin vergiye tabi islemleri uzerinden hesaplanan KDV'den INDIRILEBILIR.",Ithalatta odenen KDV INDIRILEBILIR (md.29/1-b),-,T1,3065 sayili Katma Deger Vergisi Kanunu md.29/1-b (konsolide metin),https://www.mevzuat.gov.tr/mevzuatmetin/1.5.3065.pdf,1984-11-02,1985-01-01,2026-08-10,HIGH,FACT,1y,10-evidence/raw/snapshots/gumruk-vergi/KDV-Kanunu-3065-md10-md21-md29-md30-md34-md39-md41-md46-md47-alinti.txt,gumruk-vergi-uzmani,-,-,"Madde metni: 'Mukellefler, yaptiklari vergiye tabi islemler uzerinden hesaplanan katma deger vergisinden, bu Kanunda aksine hukum olmadikca, faaliyetlerine iliskin olarak asagidaki vergileri indirebilirler: ... b) Ithal olunan mal ve hizmetler dolayisiyla ODENEN katma deger vergisi'. Bent (b) Kanunun asli metnindedir, sonradan eklenmemistir -> yururluk 1/1/1985 (md.62). 'ODENEN' ifadesi onemlidir: gumrukte fiilen odenmemis KDV indirilemez. Bu kart OQ-G01'in birinci ayagini kapatir ve EV-2026-08-09 turundaki 'UNKNOWN' kaydini asar."
EV-2026-08-10-102,"KDV Kanunu md.34/1: ithal olunan mala ait KDV, GUMRUK MAKBUZU uzerinde ayrica gosterilmek VE bu vesikalar KANUNI DEFTERLERE KAYDEDILMEK sartiyla indirilebilir.",Sart: gumruk makbuzunda ayrica gosterim + kanuni deftere kayit,-,T1,3065 sayili KDV Kanunu md.34/1 (ve md.47: 'Ithal sirasinda alinan KDV gumruk makbuzunda ayrica gosterilir'),https://www.mevzuat.gov.tr/mevzuatmetin/1.5.3065.pdf,1984-11-02,1985-01-01,2026-08-10,HIGH,FACT,1y,10-evidence/raw/snapshots/gumruk-vergi/KDV-Kanunu-3065-md10-md21-md29-md30-md34-md39-md41-md46-md47-alinti.txt,gumruk-vergi-uzmani,-,-,"Indirim SEKLI ve BELGESI. md.47 gumruk idaresine KDV'yi makbuzda ayrica gosterme yukumlulugu verdigi icin belge sarti yapisal olarak saglanir. Operasyonel sonuc: ithalatcinin gumruk makbuzunu (odeme belgesini) muhasebe kayitlarina ALDIGI DONEM indirim donemidir. Bu, cash_tax_timing'in baslangic noktasidir."
EV-2026-08-10-103,KDV Kanunu md.30'un TAM METNI tarandi; indirilemeyecek KDV listesinde ALKOLLU ICKI / SARAP TICARETINE OZGU HICBIR HUKUM YOKTUR.,"md.30 bentleri: a,b,c,d,e — alkolle ilgili ozel kisitlama YOK",-,T1,"3065 sayili KDV Kanunu md.30 (konsolide metin, tam metin taramasi)",https://www.mevzuat.gov.tr/mevzuatmetin/1.5.3065.pdf,1984-11-02,2019-01-01,2026-08-10,HIGH,FACT,1y,10-evidence/raw/snapshots/gumruk-vergi/KDV-Kanunu-3065-md10-md21-md29-md30-md34-md39-md41-md46-md47-alinti.txt,gumruk-vergi-uzmani,-,-,"md.30 bentleri: (a) vergiye tabi olmayan/istisna teslimlere iliskin KDV, (b) binek otomobil, (c) zayi olan mallar, (d) GVK/KVK'ya gore kazancin tespitinde indirimi kabul edilmeyen giderler dolayisiyla odenen KDV, (e) degersiz hale gelen alacaklara iliskin alici tarafindan odenmeyen KDV. ONEMLI METODOLOJIK NOT: md.30 TAHDIDI (numerus clausus) bir listedir — 'Asagidaki vergiler ... indirilemez'. Bu nedenle burada YER ALMAMA, sirf negatif arama sonucu degil, HUKMEN yer almama anlamina gelir. Gozetim tebligi aramasindan (EV-2026-08-09-125) YAPISAL OLARAK FARKLIDIR. TEK DOLAYLI BAG: md.30/d -> KVK md.11/1-(i) alkollu icki REKLAM giderlerinin %50'si KKEG oldugu icin O GIDERLERE ait KDV indirilemez. Bkz. EV-2026-08-10-113. Bu, MALIN KENDISINE ait ithalat KDV'sini ETKILEMEZ. Yururluk: son degisiklik 7104 s.K. (1/1/2019); 7524 s.K. ile 1/1/2030'da eklenecek (f) bendi icin bkz. EV-2026-08-10-112."
EV-2026-08-10-104,"KDV Kanunu md.29/2: bir donemde indirilecek KDV, hesaplanan KDV'yi asarsa aradaki fark SONRAKI DONEMLERE DEVROLUNUR VE IADE EDILMEZ; nakit iade hakki yalnizca md.28 uyarinca vergi nispeti INDIRILEN teslimler icin dogar.","Devreden KDV: ileriye tasinir, IADE EDILMEZ (indirimli oran istisnasi haric)",-,T1,3065 sayili KDV Kanunu md.29/2 (Degisik: 25/12/2003-5035/9 md.),https://www.mevzuat.gov.tr/mevzuatmetin/1.5.3065.pdf,2003-12-31,2004-01-01,2026-08-10,HIGH,FACT,1y,10-evidence/raw/snapshots/gumruk-vergi/KDV-Kanunu-3065-md10-md21-md29-md30-md34-md39-md41-md46-md47-alinti.txt,gumruk-vergi-uzmani,-,-,"Madde metni: '...aradaki fark sonraki donemlere devrolunur ve iade edilmez. Su kadar ki, 28 inci madde uyarinca Cumhurbaskani tarafindan vergi nispeti indirilen teslim ve hizmetlerle ilgili olup ... indirilemeyen ... vergi ... mahsuben odenir.' SARABA UYGULAMA: sarabin yurt ici teslimi GENEL ORAN %20'dir (EV-2026-08-09-118), indirimli oran listelerinde yer almaz -> md.29/2'nin iade istisnasi UYGULANMAZ. Ayrica ithalatci yurt ici satis yapiyorsa md.32 kapsaminda (ihracat vb.) iade hakki doguran islemi de yoktur. SONUC: devreden KDV NAKDEN IADE EDILMEZ, yalnizca ileriki donemlerin hesaplanan KDV'sinden mahsup edilerek geri kazanilir. peak_cash_requirement uzerindeki tek belirleyici budur."
EV-2026-08-10-105,"KDV Kanunu md.29/3: indirim hakki, vergiyi doguran olayin vuku buldugu TAKVIM YILINI TAKIP EDEN TAKVIM YILI asilmamak sartiyla, ilgili vesikalarin kanuni defterlere kaydedildigi vergilendirme doneminde kullanilabilir.",Indirim hakki suresi: VDO yili + 1 takvim yili sonuna kadar,-,T1,3065 sayili KDV Kanunu md.29/3 (Ek: 3/6/1986-3297/9; Degisik: 29/3/2018-7104/8),https://www.mevzuat.gov.tr/mevzuatmetin/1.5.3065.pdf,2018-04-06,2019-01-01,2026-08-10,HIGH,FACT,1y,10-evidence/raw/snapshots/gumruk-vergi/KDV-Kanunu-3065-md10-md21-md29-md30-md34-md39-md41-md46-md47-alinti.txt,gumruk-vergi-uzmani,-,-,"Ornek: gumruk beyannamesi 2027-03-15'te tescil edilip KDV odenirse, indirim hakki EN GEC 31/12/2028'e kadar kullanilabilir. Bu, indirim hakkinin ZAMANASIMI sinirdir; devreden KDV'nin ileriye tasinmasindan (md.29/2) FARKLI bir konudur — bir kez indirime konu edilen KDV devreden hesabinda sinirsiz (2030'a kadar, bkz. EV-2026-08-10-112) tasinir. MODEL ICIN: gumruk makbuzunun deftere kaydi gecikirse indirim GECIKIR ama (2 takvim yili icinde kalindigi surece) KAYBOLMAZ."
EV-2026-08-10-106,"KDV Kanunu md.10/i: ITHALATTA vergiyi doguran olay, Gumruk Kanununa gore GUMRUK VERGISI ODEME MUKELLEFIYETININ BASLAMASI anidir (gumruk vergisine tabi olmayan islemlerde gumruk beyannamesinin tescili).",VDO = gumruk vergisi odeme mukellefiyetinin baslamasi (fiilen: serbest dolasima giris beyannamesinin tescili),-,T1,3065 sayili KDV Kanunu md.10/i (Degisik: 22/7/1998-4369/81 md.),https://www.mevzuat.gov.tr/mevzuatmetin/1.5.3065.pdf,1998-07-29,1998-07-29,2026-08-10,HIGH,FACT,1y,10-evidence/raw/snapshots/gumruk-vergi/KDV-Kanunu-3065-md10-md21-md29-md30-md34-md39-md41-md46-md47-alinti.txt,gumruk-vergi-uzmani,-,-,"Gumruk Kanunu md.181/1-a ile birlikte okundugunda (EV-2026-08-09-122): ithalatta gumruk yukumlulugu serbest dolasima giris beyannamesinin TESCIL TARIHINDE baslar. Dolayisiyla ithalat KDV'sinde vergiyi doguran olay = tescil tarihi. ANTREPO BAGLANTISI: antrepoda bekleyen esyada tescil yapilmadigi icin KDV de DOGMAZ — yani antrepo, KDV'nin nakit cikisini da oteler (EV-2026-08-09-122 ile tutarli). md.29/3'teki takvim yili sayaci BU TARIHTEN baslar."
EV-2026-08-10-107,"KDV Kanunu md.46/2: ITHALDE ALINAN KDV, GUMRUK VERGISI ILE BIRLIKTE VE AYNI ZAMANDA odenir. md.47: ithal sirasinda alinan KDV gumruk makbuzunda ayrica gosterilir. md.43/4: ithalde alinan KDV ilgili gumruk idaresince tarholunur.","Ithalat KDV'si gumrukte, gumruk vergisi ile ayni anda odenir",-,T1,"3065 sayili KDV Kanunu md.46/2, md.47, md.43/4",https://www.mevzuat.gov.tr/mevzuatmetin/1.5.3065.pdf,1984-11-02,1985-01-01,2026-08-10,HIGH,FACT,1y,10-evidence/raw/snapshots/gumruk-vergi/KDV-Kanunu-3065-md10-md21-md29-md30-md34-md39-md41-md46-md47-alinti.txt,gumruk-vergi-uzmani,-,-,"EV-2026-08-09-126 (T2) ile ayni sonucu T1 seviyesinde dogrular; onu SUPERSEDE ETMEZ, TIER'INI YUKSELTIR. cash_tax_timing'in t0 anini tanimlar: KDV nakit cikisi = gumruk vergisi ve OTV ile AYNI GUN. Uc verginin de nakit cikis ani ayni; FARK, sadece KDV'nin geri kazanilabilir olmasidir (EV-2026-08-10-101 vs EV-2026-08-09-124)."
EV-2026-08-10-108,"KDV Kanunu md.21 tam metni: ithalatta KDV matrahi = (a) gumruk vergisi tarhina esas kiymet + (b) ITHALAT SIRASINDA ODENEN HER TURLU VERGI, RESIM, HARC VE PAYLAR + (c) gumruk beyannamesinin tescil tarihine kadar yapilan diger gider ve odemelerden vergilendirilmeyenler + (c-cedilli, Ek 2025) teminat karsiligi ithalatta OTV teminat tutari.",KDV matrahi = CIF + GV + (OTV dahil) ithalatta odenen tum vergi/resim/harc/paylar + tescile kadarki diger giderler,-,T1,3065 sayili KDV Kanunu md.21 (bent (c-cedilli) Ek: 20/7/2025-7555/8 md.),https://www.mevzuat.gov.tr/mevzuatmetin/1.5.3065.pdf,1984-11-02,1985-01-01,2026-08-10,HIGH,FACT,1y,10-evidence/raw/snapshots/gumruk-vergi/KDV-Kanunu-3065-md10-md21-md29-md30-md34-md39-md41-md46-md47-alinti.txt,gumruk-vergi-uzmani,-,-,"TUR 1'de kurulan matrah zincirini (EV-2026-08-09-117) TAM METINLE TEYIT EDER: OTV, md.21/b 'ithalat sirasinda odenen her turlu vergi, resim, harc ve paylar' kapsaminda KDV matrahina DAHILDIR; gumruk vergisi ise md.21/a uzerinden zaten dahildir. YENI BULGU: 7555 s.K. ile eklenen (c-cedilli) bendi, OTVK md.16/4 uyarinca TEMINAT KARSILIGI ithal edilen malda teminata esas OTV tutarinin da KDV matrahina girecegini duzenler. Bu bendin yururluk tarihi bu turda ayrica DOGRULANMADI ve baz senaryoda UYGULANMAZ (sarapta OTV gumrukte fiilen odenir, teminata baglanmaz) -> etkisi YOK. Matrah zincirinde DEGISIKLIK GEREKTIRMEZ."
EV-2026-08-10-109,GIB 'Beyanname Verme ve Odeme Sureleri' tablosu: KDV Beyannamesi vergilendirme donemini takip eden ayin 28 inci gunu saat 23.59'a kadar verilir; odeme beyanname verme suresi icinde yapilir (dayanak: 149 No.lu Vergi Usul Kanunu Sirkuleri).,28 (takip eden ayin gunu),gun,T2,Gelir Idaresi Baskanligi — Beyanname Verme ve Odeme Sureleri (yararli bilgiler),https://cdn.gib.gov.tr/api/gibportal-file/file/getFileResources?objectKey=arsiv%2Fyardim-kaynaklar%2Fyararli-bilgiler%2FBeyannameVermeveOdemeSureleri.pdf,UNKNOWN,UNKNOWN,2026-08-10,MEDIUM,FACT,180d,10-evidence/raw/snapshots/gumruk-vergi/GIB-beyanname-verme-ve-odeme-sureleri.pdf,gumruk-vergi-uzmani,-,-,"KANUNI sure md.41/1'de 24 uncu gun, md.46/1'de 26 nci gundur (EV-2026-08-10-110). GIB bunu VUK md.28 yetkisine dayanan 149 No.lu Sirkuler ile 28 inci gune UZATMISTIR. UYARI: 149 No.lu Sirkuler'in TARIHI bu turda dogrulanamadi (GIB sayfalari JS ile render ediliyor, dogrudan PDF ucnoktasi baglantiyi resetliyor) -> effective_date UNKNOWN. MODELDE KULLANIM: nakit gecikmesi hesabinda 28 inci gun MUHAFAZAKAR (daha uzun gecikme) oldugu icin baz alinmistir. 24/26 kullanilirsa gecikme 2-4 gun KISALIR — yon lehte, buyukluk ihmal edilebilir."
EV-2026-08-10-110,KDV Kanunu md.41/1 ve md.46/1 KANUNI sureler: beyanname vergilendirme donemini takip eden ayin 24 uncu gunu aksamina kadar verilir; vergi beyanname verilecek ayin 26 nci gunu aksamina kadar odenir.,beyan 24 / odeme 26 (takip eden ayin gunu),gun,T1,3065 sayili KDV Kanunu md.41/1 ve md.46/1,https://www.mevzuat.gov.tr/mevzuatmetin/1.5.3065.pdf,2007-04-04,2007-04-04,2026-08-10,HIGH,FACT,1y,10-evidence/raw/snapshots/gumruk-vergi/KDV-Kanunu-3065-md10-md21-md29-md30-md34-md39-md41-md46-md47-alinti.txt,gumruk-vergi-uzmani,-,-,"md.41/1'deki gun 5615 s.K. (2007) ile 'yirmidorduncu' olmustur. md.46/1 'yirmialtinci gun'. GIB idari uzatma ile fiilen 28 inci gunu uygulamaktadir (EV-2026-08-10-109). CELISKI DEGILDIR: biri kanuni ust sinir, digeri VUK md.28 yetkisine dayanan idari uzatmadir (kapsam farki). Model MUHAFAZAKAR olan 28'i kullanir."
EV-2026-08-10-111,KDV Kanunu md.39/1: KDV'de vergilendirme donemi takvim yilinin UCER AYLIK donemleridir; Bakanlik mukelleflerin yillik gayrisafi hasilatlarina gore ucer aylik yerine BIRER AYLIK donem tespit etmeye yetkilidir.,Kanuni donem: 3 aylik; Bakanlik yetkisiyle 1 aylik belirlenebilir,-,T1,3065 sayili KDV Kanunu md.39/1,https://www.mevzuat.gov.tr/mevzuatmetin/1.5.3065.pdf,1984-11-02,1985-01-01,2026-08-10,HIGH,FACT,1y,10-evidence/raw/snapshots/gumruk-vergi/KDV-Kanunu-3065-md10-md21-md29-md30-md34-md39-md41-md46-md47-alinti.txt,gumruk-vergi-uzmani,-,-,"KRITIK MODEL PARAMETRESI: vergilendirme donemi 1 ay mi 3 ay mi oldugu, ithalat KDV'sinin mahsup edilecegi ilk beyan gununu ve dolayisiyla nakit gecikmesini DOGRUDAN belirler. Kurumlar vergisi mukellefi bir ithalat sirketi icin fiilen AYLIK donem uygulandigi PIYASA BILGISIDIR ancak bu turda T1/T2 ile DOGRULANMADI -> vergi.yaml'da vergilendirme_donemi_ay = 1 degeri ASSUMPTION olarak tutulur, duyarlilik: 3 aylik donemde gecikme ~2 ay UZAR ve peak_cash_requirement ARTAR."
EV-2026-08-10-112,7524 sayili Kanun md.20 KDVK md.30'a '(f) Bes takvim yili suresince indirim yoluyla giderilemeyen katma deger vergisi' bendini eklemistir; md.22 bu tutarin ozel hesaba alinip 3 yil icinde talep + vergi incelemesi ile gider yazilabilecegini duzenler. YURURLUK: 1/1/2030.,Devreden KDV'ye 5 TAKVIM YILI siniri — yururluk 1/1/2030,-,T1,"7524 sayili Kanun md.20, md.22 ve md.60/(c-cedilli) (RG 2/8/2024 - 32620)",https://www.mevzuat.gov.tr/mevzuatmetin/1.5.7524.pdf,2024-08-02,2030-01-01,2026-08-10,HIGH,FACT,1y,10-evidence/raw/snapshots/gumruk-vergi/7524-sayili-Kanun-md20-md22-md60-devreden-KDV-5-yil-alinti.txt,gumruk-vergi-uzmani,-,-,"md.60/(c-cedilli): '20 nci ve 22 nci maddeleri 1/1/2030 tarihinde ... yururluge girer.' MODELE ETKISI: 2030 ONCESI donemde devreden KDV'ye sure siniri YOKTUR. 2030'dan itibaren 5 takvim yili boyunca eritilemeyen devreden KDV indirilemez hale gelir, ozel hesaba alinir ve ancak TALEP + VERGI INCELEMESI sonucu GIDER yazilabilir (nakden iade YINE YOK). Sarap ithalatcisinda yurt ici satis %20 KDV'ye tabi oldugu icin normal isleyiste devreden KDV 5 yil bekletilmez; bu hukum ancak SATIS GERCEKLESMEZSE (stok eriyememesi) baglayici olur. -> KUYRUK RISKI olarak kaydedilmistir, baz senaryo parametresi DEGILDIR."
EV-2026-08-10-113,KVK md.11/1-(i): her turlu alkol ve alkollu ickilere ait ILAN VE REKLAM GIDERLERININ %50'si kurum kazancinin tespitinde indirimi kabul edilmeyen giderdir (KKEG); Cumhurbaskani bu orani %100'e kadar artirmaya veya sifira kadar indirmeye yetkilidir. KDVK md.30/d ile birlikte: bu KKEG kismina isabet eden KDV de indirilemez.,Alkollu icki ilan/reklam giderinin %50'si KKEG (kanuni oran),%,T1,5520 sayili Kurumlar Vergisi Kanunu md.11/1-(i) + 3065 sayili KDV Kanunu md.30/d,https://www.mevzuat.gov.tr/mevzuatmetin/1.5.5520.pdf,2006-06-21,2006-06-21,2026-08-10,HIGH,FACT,1y,10-evidence/raw/snapshots/gumruk-vergi/KVK-5520-md11-1-i-alkol-reklam-KKEG-alinti.txt,gumruk-vergi-uzmani,-,-,"BU, 'alkollu icki ticaretinde KDV indirimini kisitlayan ozel hukum var mi?' sorusunun TEK POZITIF CEVABIDIR. ANCAK KAPSAMI DARDIR: yalnizca ILAN VE REKLAM GIDERLERINE ait KDV'yi etkiler. MALIN KENDISINE (ithalat KDV'si, navlun, depo, ic nakliye) ait KDV'yi ETKILEMEZ. IKI ACIK NOKTA (ikisi de bu turda kapatilmadi): (1) Cumhurbaskani'nin bu orani degistirip degistirmedigi (yururlukte bir CB/BKK karari olup olmadigi) DOGRULANMADI -> oran UNKNOWN riski tasir; kanuni oran %50'dir. (2) Sahis isletmesi icin GVK md.41 muadili hukum DOGRULANAMADI (mevzuat.gov.tr 193 s.K. PDF ucnoktasi HTTP 302 dondurdu). Ithalatcinin sermaye sirketi olacagi varsayimiyla KVK yeterlidir. ALAN SINIRI: alkolde reklamin 4250/7584 kapsaminda HUKUKEN MUMKUN OLUP OLMADIGI mevzuat-ruhsat-uzmani alanidir ve bu turda ARASTIRILMAMISTIR. Bu kart yalnizca VERGI sonucudur. Reklam yapilamiyorsa bu hukmun pratik etkisi SIFIRDIR."
EV-2026-08-10-114,KDV Kanunu md.36 Cumhurbaskani'na indirim veya iade hakkini kismen/tamamen KALDIRMA yetkisi verir; sarap/alkollu icki icin bu yetkiye dayanan yururlukte bir Cumhurbaskani karari olup olmadigi BU TURDA ARASTIRILMAMIS/DOGRULANMAMISTIR.,null,-,T1,3065 sayili KDV Kanunu md.36 (yetki hukmu) — dayanak karar taramasi YAPILMADI,https://www.mevzuat.gov.tr/mevzuatmetin/1.5.3065.pdf,1984-11-02,-,2026-08-10,LOW,UNKNOWN,90d,10-evidence/raw/snapshots/gumruk-vergi/KDV-Kanunu-3065-md10-md21-md29-md30-md34-md39-md41-md46-md47-alinti.txt,gumruk-vergi-uzmani,-,-,"DURUSTLUK KAYDI: 'aramadim' ile 'yok' AYNI SEY DEGILDIR. YAPILAN: KDVK md.30 tam metni tarandi (tahdidi liste, alkol yok — EV-2026-08-10-103); KDVK md.29, md.32, md.34 tarandi; KVK md.11 tarandi. YAPILMAYAN: md.36'ya dayanan Cumhurbaskani/Bakanlar Kurulu kararlarinin ve KDV Genel Uygulama Tebligi'nin (III/C indirim bolumu) TAM METIN taramasi. KDVGUT'a bu turda erisilemedi (GIB sayfalari JS-render; mevzuat.gov.tr teblig ucnoktasi HTTP 302). ARTIK RISK: md.36 yetkisine dayanan bir kisitlama BULUNURSA EV-2026-08-10-101'in sonucu degismez ama kapsami daralabilir. Olasilik DUSUK degerlendirilmistir (boyle bir kisitlama sektorde bilinir olurdu) ancak DOGRULANMAMISTIR -> ticket T-151."
EV-2026-08-10-115,"TUIK Yi-UFE Aralik 2025 -> Haziran 2026 degisim oraninin ~%16,09 oldugu BAGIMSIZ BIRINCIL KAYNAKTAN DOGRULANAMAMISTIR.",null,%,T2,TUIK Veri Portali — Yurt Ici Uretici Fiyat Endeksi Haziran 2026 bulteni (icerige ERISILEMEDI),https://veriportali.tuik.gov.tr/tr/press/58032,-,-,2026-08-10,LOW,UNKNOWN,30d,10-evidence/raw/snapshots/gumruk-vergi/TUIK-Yi-UFE-2026-06-erisim-denemesi-log.txt,gumruk-vergi-uzmani,-,-,"T-901 Yol A denemesi. TUIK veri portali React SPA'dir (bos 3.692 baytlik kabuk), /api ucnoktalari HTTP 403 'Erisim engellendi' donuyor, MEDAS ZK/oturum gerektiriyor. Aralik 2025 ve Haziran 2026 endeks DEGERLERINE ERISILEMEDI. TEK DOLAYLI KORELASYON (YETERSIZ): arama motoru ozetine gore Haziran 2026 Yi-UFE bulteninin yayim tarihi 2026-07-03'tur; OTV asgari maktu tutarinin yururluk tarihi de 2026-07-03'tur (EV-2026-08-09-111). OTVK md.12/3 'degisimin ilani gununden gecerli olmak uzere' dedigi icin bu tarih birligi MEKANIZMAYI destekler, ORANI DOGRULAMAZ; ustelik tarih bilgisi T5'tir ve CLAUDE.md §2 uyarinca tek basina sonuc uretemez. SONUC: %16,09 halen 71,2692/61,3914 dairesel turetmesine dayanmaktadir. C-101'in YONU (71,2692 kullanilmasi) etkilenmez — cunku o, mekanizma + model hedef tarihi analiziyle kurulmustur, orandan turetilmemistir. Kapanis icin Yol B (gumruk musaviri beyanname teyidi) gereklidir."
EV-2026-08-10-116,"Model urun formati 750 ml = 0,75 litredir. Bu bir DIS OLGU DEGIL, PROJE KAPSAM KARARIDIR (00-charter/kapsam.md: '750 ml ana format').",0.75,litre,T5,PROJE ICI DOKUMAN — 00-charter/kapsam.md (dis kaynak degildir),OFFLINE,-,-,2026-08-10,HIGH,ASSUMPTION,1y,00-charter/kapsam.md,gumruk-vergi-uzmani,-,-,"T-906(a) cozumu. TIER SINIFLANDIRMASI DISI: kaynak proje ici charter dokumanidir; tier alani zorunlu oldugu icin en dusuk guven seviyesi (T5) yazilmistir. status FACT DEGIL ASSUMPTION'dir — dogrulanmis bir dis olgu degil, kapsam kararidir (urun.yaml ile hizalanir). NEDEN ONEMLI: OTV/sise = hacim_litre x asgari_maktu_tutar. 0,75 yerine 1,00 litre secilirse OTV/sise 53,4519 -> 71,2692 TL olur (+%33). 3 litrelik bag-in-box'ta hem OTV/ambalaj 213,81 TL'ye cikar hem de GTIP 2204.22'ye kayar (matrah-sirasi.md §3). KURAL: model bu degeri PARAMETRE olarak okumali, hicbir yerde 0,75 veya 53,4519 sabitlenmemelidir."
EV-2026-08-10-117,"TURETME: Sarap ithalatcisi icin ithalatta odenen KDV, normal isleyiste EKONOMIK MALIYET DEGILDIR (indirilebilir); OTV ise EKONOMIK MALIYETTIR (indirilemez). Ikisi ayni satirda gosterilemez.",KDV: indirilebilir -> L5'e tasinmaz | OTV: indirilemez -> L5'e tasinir,-,T1,Turetme: EV-2026-08-10-101 (md.29/1-b) + EV-2026-08-10-102 (md.34/1) + EV-2026-08-10-103 (md.30 tam metin) + EV-2026-08-09-124 (OTVK md.1/md.9) + EV-2026-08-09-118 (yurt ici satis %20),-,-,2026-08-10,2026-08-10,HIGH,FACT,180d,10-evidence/raw/snapshots/gumruk-vergi/KDV-Kanunu-3065-md10-md21-md29-md30-md34-md39-md41-md46-md47-alinti.txt,gumruk-vergi-uzmani,-,-,"TURETME ZINCIRI: (1) md.29/1-b ithalatta odenen KDV'yi indirilebilir kilar. (2) md.34/1 belge sartini gumruk makbuzu + defter kaydi ile tanimlar; md.47 gumruk idaresine makbuzda gosterme yukumlulugu verdigi icin sart yapisal olarak saglanir. (3) md.30 tahdidi listesinde alkollu icki yoktur. (4) Sarabin yurt ici teslimi %20 KDV'ye tabidir, istisna degildir -> md.30/a devre disi. (5) Satis fiyati maliyetin uzerinde oldugu surece hesaplanan KDV > yuklenilen KDV -> ithalat KDV'si tam olarak eritilir. SONUC: KDV L4'te gorunur, L5'e TASINMAZ. TIER GEREKCESI: turetmenin TUM girdileri T1'dir (yalniz EV-...-118 T2'dir ancak o oranin kendisi icindir, indirilebilirlik sonucunu tasimaz) -> T1 verilmistir. KDV'nin EKONOMIK MALIYETE DONUSTUGU 4 KOSUL (hepsi baz senaryo DISI): (K1) ithalatci KDV mukellefi degilse/faaliyeti istisna ise (md.30/a); (K2) mal zayi olursa (md.30/c) — kirilma/bozulma/fire; (K3) 2030'dan itibaren 5 takvim yili eritilemeyen devreden KDV (md.30/f, EV-2026-08-10-112); (K4) md.29/3'teki iki takvim yili suresi kacirilirsa. OTV ILE KARSILASTIRMA: OTV tek asamalidir ve yeniden satista indirilemez (EV-2026-08-09-124) -> 53,4519 TL/sise DOGRUDAN ve KALICI ekonomik maliyettir. KDV ise ayni gun odenen ama geri kazanilan bir FINANSMAN kalemidir. BU IKISININ KARISTIRILMASI sise basina ~43-45 TL'lik SAHTE MALIYET yaratir."
EV-2026-08-10-118,"TURETME: Ithalat KDV'sinin gumrukte odenmesi ile ilk mahsup imkani arasindaki sure, aylik vergilendirme doneminde 28-59 GUNDUR (gumruk tescilinin ay icindeki gunune bagli); ortalama ~44 gun.",28-59 (ortalama ~44),gun,T1,Turetme: EV-2026-08-10-106 (VDO=tescil) + EV-2026-08-10-107 (gumrukte odeme) + EV-2026-08-10-102 (makbuzun deftere kaydi) + EV-2026-08-10-109 (beyan/odeme takip eden ayin 28'i) + EV-2026-08-10-111 (donem),-,-,2026-08-10,2026-08-10,MEDIUM,ESTIMATE,180d,10-evidence/raw/snapshots/gumruk-vergi/KDV-Kanunu-3065-md10-md21-md29-md30-md34-md39-md41-md46-md47-alinti.txt,gumruk-vergi-uzmani,-,-,"HESAP: tescil gunu D (ayin D'inci gunu), ay uzunlugu N. Ilk mahsup ani = takip eden ayin 28'i. Gecikme = (N - D) + 28. D=N (ay sonu tescil) -> 28 gun. D=1, N=31 -> 58 gun. D=1, N=31 ve arada 31 gunluk ay -> ust sinir 59 gun. Ortalama D=(N+1)/2, N=30.4 -> ~44 gun. KRITIK SINIR: bu, MAHSUP IMKANININ ILK ANIdir, fiili geri kazanim ani DEGILDIR. Fiili geri kazanim, o donemde HESAPLANAN KDV'nin (yani yurt ici SATISIN) yuklenilen KDV'yi karsilamasina baglidir. Ilk konteynerde satis heniz baslamamissa KDV'nin tamami DEVREDEN KDV olur ve md.29/2 uyarinca IADE EDILMEZ (EV-2026-08-10-104) -> geri kazanim satis takvimine kayar. STATUS ESTIMATE cunku: (a) 28 inci gun idari uzatmaya dayanir (effective_date UNKNOWN), (b) aylik vergilendirme donemi ASSUMPTION'dir (EV-2026-08-10-111), (c) tescil gunu bilinmiyor. 3 AYLIK DONEMDE: gecikme 28 gun -> ~118 gune kadar uzar; duyarlilik ekseni olarak tutulmalidir."
EV-2026-08-10-119,"TURETME: OTV'nin KDV matrahina girmesi nedeniyle, CIF sifira gitse bile 750 ml sise basina 10,6904 TL KDV dogar — bu, kaldirilamaz bir KDV tabanidir.",10.6904,TRY/sise,T1,"Turetme: EV-2026-08-10-108 (md.21/b: OTV KDV matrahinda) + EV-2026-08-09-111 (OTV 71,2692 TL/lt) + EV-2026-08-10-116 (0,75 lt) + EV-2026-08-09-118 (KDV %20)",-,-,2026-07-03,2026-08-10,HIGH,ESTIMATE,30d,10-evidence/raw/snapshots/gumruk-vergi/KDV-Kanunu-3065-md10-md21-md29-md30-md34-md39-md41-md46-md47-alinti.txt,gumruk-vergi-uzmani,-,-,"HESAP: 71,2692 TL/lt x 0,75 lt = 53,4519 TL/sise OTV; 53,4519 x 0,20 = 10,6904 TL/sise KDV. GENEL FORMUL (pesin odeme, KKDF=0): KDV/sise = 0,20 x ((1 + gv_oran) x CIF + 53,4519) AB/BK/Sili (%50): KDV/sise = 0,30 x CIF + 10,6904 DU (%70, benchmark ABD): KDV/sise = 0,34 x CIF + 10,6904 TTL 30d cunku OTV tutarina baglidir (EV-2026-08-09-111 ile ayni tazelik). NAKIT ANLAMI: bu 10,6904 TL EKONOMIK MALIYET DEGILDIR (indirilebilir) ama gumrukte NAKDEN odenir ve peak_cash_requirement'a girer. 12.000 siselik bir konteynerde yalnizca bu taban 128.285 TL nakit demektir — CIF'ten TAMAMEN BAGIMSIZ olarak."
EV-2026-08-10-201,"4250 s.K. m.1 ucuncu fikra (yururlukteki metin, verbatim): 'Ithalatci firmalarin, ulke genelinde kurulus yeri nerede olursa olsun her saticinin siparis verdigi urunleri yerinde teslim etmeleri uretici firmalarin ise en az bir milyon litre yil kapasiteli yeni teknoloji ile kurulmus entegre tesis kurmalari sarttir. Yillik en az bir milyon litre yil ayri ayri uretim, satis veya dis alim miktarina ulasan firmalar, bu faaliyetlerini yurutmek ve fiyat belirlemekte serbesttir. Bu sartlari yerine getiremeyen firmalarin urettikleri veya ithal ettikleri ispirto ve ispirtolu ickilerin fiyatlandirilmasi, satis ve dagitimi Tekel Genel Mudurlugu eliyle yapilir. Yurt icinde uretilen veya ithal edilen urunler arasinda ayrim yapilmaz.'",1000000,litre/yil (fiyat belirleme serbestisi esigi),T1,"4250 sayili Ispirto ve Ispirtolu Ickiler Inhisari Kanunu, konsolide metin (Tarim ve Orman Bakanligi TADAB yayini, mevzuat.gov.tr Dustur dizgisi)",https://www.tarimorman.gov.tr/TADAB/Belgeler/Alkoll%C3%BC%20%C4%B0%C3%A7kiler/%C4%B0lgili%20Mevzuat%20D%C3%BCzenlemeleri/4250.pdf,1942-06-12,2001-01-20,2026-08-10,HIGH,FACT,180d,10-evidence/raw/snapshots/EV-2026-08-09-2xx_4250-sayili-kanun.pdf,mevzuat-ruhsat-uzmani,-,C-201,"Fikranin kaynagi: Degisik 11/1/2001-4619/1 md. Yururluge girisi kanunun kendi tablosunda 20/1/2001'dir (EV-2026-08-09-227'de 2001-01-11 yazilmisti; o kabul tarihidir, YURURLUK tarihi degildir - bu kart o alani duzeltir). UC AYRI YUKUMLULUK ICERIR: (1) ithalatci icin ulke geneli yerinde teslim SARTI - hacimden BAGIMSIZ; (2) URETICI icin 1.000.000 litre/yil kapasiteli entegre TESIS KURMA sarti - ithalatciya uygulanmaz; (3) 1.000.000 litre/yil uretim/satis/DIS ALIM hacmine ulasanlar icin FIYAT BELIRLEME SERBESTISI. Ucuncu cumledeki yaptirim bir idari para cezasi degil, TEKEL GENEL MUDURLUGU ELIYLE fiyatlandirma/satis/dagitim mekanizmasidir."
EV-2026-08-10-202,"4250 s.K. m.1 son fikra (verbatim): 'Bira ve her turlu sarap ve meyve saraplarinin uretimi, fiyatlandirilmasi, dagitilmasi ve satilmasi ile viski ve tabii kopuren saraplarin ithali, fiyatlandirilmasi, dagitilmasi ve satilmasi bu maddede ongorulen sartlar aranmaksizin, bu Kanun hukumlerine gore serbesttir.'",muafiyet: her turlu sarabin uretimi + fiyatlandirilmasi + dagitilmasi + satilmasi; ithali yonunden yalnizca viski ve tabii kopuren sarap,-,T1,"4250 sayili Ispirto ve Ispirtolu Ickiler Inhisari Kanunu, konsolide metin (TADAB yayini)",https://www.tarimorman.gov.tr/TADAB/Belgeler/Alkoll%C3%BC%20%C4%B0%C3%A7kiler/%C4%B0lgili%20Mevzuat%20D%C3%BCzenlemeleri/4250.pdf,1942-06-12,2001-01-20,2026-08-10,HIGH,FACT,180d,10-evidence/raw/snapshots/EV-2026-08-09-2xx_4250-sayili-kanun.pdf,mevzuat-ruhsat-uzmani,-,C-252,"LAFZI YAPI (kart yorum yapmaz, yapiyi kaydeder): tamlayan konumunda UC URUN GRUBU vardir - 'bira', 'her turlu sarap', 'meyve saraplari' - ve bunlarin DORT faaliyeti (uretimi, fiyatlandirilmasi, dagitilmasi, satilmasi) m.1 sartlarindan muaftir. Cumlenin 'ile' baglaciyla gelen ikinci kolunda 'viski ve tabii kopuren saraplarin ITHALI' ayrica sayilmistir. Buradan iki farkli lafzi okuma dogar: (A) durgun sarabin FIYATLANDIRILMASI/DAGITIMI/SATISI - ithal olsun olmasin - m.1 sartlarindan muaftir, yalnizca ITHAL ETME EYLEMI muafiyet listesinde yoktur; (B) muafiyet yalnizca YURT ICINDE URETILEN saraba iliskindir. Bu iki okuma C-252 olarak kaydedilmistir; bu kartta secim YAPILMAMISTIR."
EV-2026-08-10-203,4250 s.K. m.1'in dorduncu fikrasi 27/5/2004-5179/38 md. ile MULGA'dir; besinci fikra: 'Ucuncu fikrada belirlenen sartlarin yerine getirilip getirilmediginin tespiti ve takibi dogrudan Tekel Genel Mudurlugu tarafindan yapilar [sic].',m.1/4 MULGA; m.1/5 tespit-takip mercii metinde 'Tekel Genel Mudurlugu',-,T1,"4250 sayili Ispirto ve Ispirtolu Ickiler Inhisari Kanunu, konsolide metin (TADAB yayini)",https://www.tarimorman.gov.tr/TADAB/Belgeler/Alkoll%C3%BC%20%C4%B0%C3%A7kiler/%C4%B0lgili%20Mevzuat%20D%C3%BCzenlemeleri/4250.pdf,1942-06-12,2004-06-05,2026-08-10,HIGH,FACT,180d,10-evidence/raw/snapshots/EV-2026-08-09-2xx_4250-sayili-kanun.pdf,mevzuat-ruhsat-uzmani,-,-,"FIKRA NUMARALANDIRMA DUZELTMESI: TUR 1 raporunda 'm.1/5' diye anilan MUAFIYET fikrasi, mulga dorduncu fikra da sayildiginda metnin ALTINCI fikrasidir (EV-2026-08-10-202). Besinci fikra tespit/takip fikrasidir. Bu kart TUR 1'deki numaralandirmayi duzeltir. 5179 s.K. yururluk tarihi kanunun kendi tablosunda 5/6/2004'tur. Metindeki 'yapilar' yazimi resmi konsolide metinde bu sekildedir."
EV-2026-08-10-204,"4619 s.K. Gecici m.1 (4250 sayili ana kanuna ISLENEMEYEN HUKUM, verbatim): 'Bu Kanunun 1 inci maddesinin ucuncu fikrasindaki bir milyon litre/yil disalim ve satis miktari olcusu, bu Kanunun yururluge girdigi tarihi izleyen birinci takvim yili sonuna kadar bir milyon, ikinci takvim yili sonuna kadar dokuz yuz bin, ucuncu takvim yiil [sic] sonuna kadar sekiz yuz bin, dorduncu takvim yili sonuna kadar yedi yuz bin ve besinci takvim yili sonuna kadar alti yuz bin litre/yil olarak uygulanir. Altinci yildan itibaren uygulanacak olan bu olcuyu sifira indirmeye Bakanlar Kurulu yetkilidir.'",600000,litre/yil (besinci takvim yili sonu itibariyla uygulanan olcu),T1,11/1/2001 tarihli ve 4619 sayili Kanun Gecici m.1 - 4250 sayili Kanunun konsolide metnindeki 'Ana Kanuna Islenemeyen Hukumler' bolumu (TADAB yayini),https://www.tarimorman.gov.tr/TADAB/Belgeler/Alkoll%C3%BC%20%C4%B0%C3%A7kiler/%C4%B0lgili%20Mevzuat%20D%C3%BCzenlemeleri/4250.pdf,2001-01-11,2001-01-20,2026-08-10,HIGH,FACT,180d,10-evidence/raw/snapshots/EV-2026-08-09-2xx_4250-sayili-kanun.pdf,mevzuat-ruhsat-uzmani,EV-2026-08-09-227,C-251,"KRITIK: 4250 m.1/3'un metnindeki 1.000.000 rakami, en gec besinci takvim yili sonundan itibaren ARTIK UYGULANAN RAKAM DEGILDIR; kademeli indirim 600.000 litre/yil ile sona ermistir (bkz. EV-2026-08-10-205: Yonetmelik Gecici m.6 bunu takvim yillariyla 2006 sonu olarak somutlastirir). 'Altinci yildan itibaren uygulanacak olan bu olcu'nun 600.000 olarak mi devam ettigi yoksa kanundaki 1.000.000'a mi dondugu LAFZEN ACIK DEGILDIR -> C-251. Bu belirsizlik bu projenin bes hacim senaryosu icin MADDI DEGILDIR (bkz. EV-2026-08-10-215). Bakanlar Kurulunun olcuyu sifira indirdigine dair bir karar bu turda BULUNAMAMISTIR -> EV-2026-08-10-214 (UNKNOWN)."
EV-2026-08-10-205,"Alkol ve Alkollu Ickilerin Ic ve Dis Ticaretine Iliskin Usul ve Esaslar Hakkinda Yonetmelik GECICI MADDE 6 (verbatim): '4619 sayili Kanun ile degisik 4250 sayili Kanunun 1 inci maddesinin ucuncu fikrasindaki bir milyon litre/yil dis alim veya satis miktari olcusu, 2002 yili sonuna kadar bir milyon, 2003 yili sonuna kadar dokuzyuzbin, 2004 yili sonuna kadar sekizyuzbin, 2005 yili sonuna kadar yediyuzbin, 2006 yili sonuna kadar altiyuzbin litre olarak uygulanir. 2007 yilindan itibaren uygulanacak olcuyu sifira indirmeye Bakanlar Kurulu yetkilidir.'",600000,litre/yil (2006 yili sonu itibariyla uygulanan olcu),T1,"Resmi Gazete 6/6/2003-25130 | Alkol ve Alkollu Ickilerin Ic ve Dis Ticaretine Iliskin Usul ve Esaslar Hakkinda Yonetmelik, yururlukteki konsolide metin (TADAB yayini)",https://www.tarimorman.gov.tr/TADAB/Belgeler/Alkoll%C3%BC%20%C4%B0%C3%A7kiler/%C4%B0lgili%20Mevzuat%20D%C3%BCzenlemeleri/7.5.6203-yonetmelik.pdf,2003-06-06,2003-06-06,2026-08-10,HIGH,FACT,180d,10-evidence/raw/snapshots/EV-2026-08-09-2xx_ticaret-yonetmeligi-7.5.6203.pdf,mevzuat-ruhsat-uzmani,-,C-251,"Ikincil mevzuat, 4619 Gecici m.1'deki gorece belirsiz 'takvim yili' ifadesini SOMUT YILLARLA sabitlemistir: kademeli takvim 2006 SONUNDA sona erer. Yonetmelik bu turda tespit edilen en son degisiklikle (RG 2/2/2023-32092) birlikte yururluktedir ve Gecici m.6 DEGISTIRILMEMISTIR. Yonetmelikte '1.000.000 / bir milyon' ifadesinin gectigi TEK YER bu gecici maddedir (tam metin taramasi: 1 esleme). Esas maddelerde (m.5-m.20) hicbir hacim esigi YOKTUR -> EV-2026-08-10-206."
EV-2026-08-10-206,"Alkol ve Alkollu Ickilerin Ic ve Dis Ticaretine Iliskin Usul ve Esaslar Hakkinda Yonetmeligin yururlukteki tam metninde 'fiyat' kokunu iceren HICBIR kelime gecmemektedir (0 esleme) ve 'bir milyon / 1.000.000' ifadesi yalnizca Gecici m.6'da gecmektedir (1 esleme, esas maddelerde 0). Yonetmeligin esas maddelerinde ithalatci icin asgari faaliyet hacmi esigi ve fiyat belirleme kisiti bulunmamaktadir.",fiyat: 0 esleme | 'bir milyon': yalnizca Gecici m.6,metin ici tam sayim,T1,"Resmi Gazete 6/6/2003-25130 | Alkol ve Alkollu Ickilerin Ic ve Dis Ticaretine Iliskin Usul ve Esaslar Hakkinda Yonetmelik, yururlukteki konsolide metin (TADAB yayini)",https://www.tarimorman.gov.tr/TADAB/Belgeler/Alkoll%C3%BC%20%C4%B0%C3%A7kiler/%C4%B0lgili%20Mevzuat%20D%C3%BCzenlemeleri/7.5.6203-yonetmelik.pdf,2003-06-06,2003-06-06,2026-08-10,HIGH,FACT,180d,10-evidence/raw/snapshots/EV-2026-08-09-2xx_ticaret-yonetmeligi-7.5.6203.pdf,mevzuat-ruhsat-uzmani,-,-,"YONTEM: PDF, pdftotext -layout ile duz metne cevrilip buyuk/kucuk harf duyarsiz tam metin taramasi yapildi ('fiyat' 0, 'milyon' 1, 'Tekel' 0). BU KARTIN KAPSAMI SINIRLIDIR: yalnizca BU YONETMELIGIN METNI hakkinda konusur, 'Turkiye'de alkollu ickide fiyat duzenlemesi yoktur' anlamina GELMEZ (negatif ispat yapilamaz). Yonetmeligin onemi, 4733 s.K. m.9/B'nin (EV-2026-08-10-209) 'uretim sartini karsilamayan firma mamullerinin fiyatlandirilmasi, dagitilmasi, satisi'ni duzenleme yetkisini bu Yonetmelige devretmis olmasidir: devredilen yetki bu metinde KULLANILMAMISTIR."
EV-2026-08-10-207,"Yonetmelik m.10/b ve m.12/1 uyarinca dagitim yetki belgesi basvurusunda firmadan 'planladigi yillik faaliyet hacmini gosteren faaliyet dosyasi' istenir ve bu hacim yalnizca BEDEL MATRAHIDIR; hicbir asgari hacim esigi yeterlilik sarti olarak aranmaz. m.12/1: 'Yillik faaliyet hacminin, o yil icin ongorulen litre miktarini asmasi halinde ise asan miktara iliskin bedel Kurum tarafindan ayrica tahsil edilir.'",asgari faaliyet hacmi sarti: YOK (yeterlilik olarak); faaliyet hacmi = bedel matrahi,-,T1,"Resmi Gazete 6/6/2003-25130 | Alkol ve Alkollu Ickilerin Ic ve Dis Ticaretine Iliskin Usul ve Esaslar Hakkinda Yonetmelik m.10, m.12 (TADAB konsolide metin)",https://www.tarimorman.gov.tr/TADAB/Belgeler/Alkoll%C3%BC%20%C4%B0%C3%A7kiler/%C4%B0lgili%20Mevzuat%20D%C3%BCzenlemeleri/7.5.6203-yonetmelik.pdf,2003-06-06,2015-12-31,2026-08-10,HIGH,FACT,180d,10-evidence/raw/snapshots/EV-2026-08-09-2xx_ticaret-yonetmeligi-7.5.6203.pdf,mevzuat-ruhsat-uzmani,-,-,"m.10/b (Degisik: RG-6/7/2007-26574, yururluk 24/7/2007) ve m.12/1 (Degisik: RG-31/12/2015-29579). effective_date olarak m.12/1'in son degisiklik tarihi yazilmistir. Bedel matrahi kirilimi Yonetmelik m.14/2'de sarap icin 20.000 litre/yil'dir; 2026 tutarlari icin bkz. EV-2026-08-09-206/207. Yani yururlukteki tarifenin kendisi 20.000 litre/yil ve ALTINDA faaliyet gosteren sarap ithalatcisi icin fiyatlandirilmis bir sinif ONGORMEKTEDIR."
EV-2026-08-10-208,"4733 s.K. m.4/B (verbatim, kismi): 'Bu Kanun hukumleri cercevesinde asagida belirtilen gorevler Gida, Tarim ve Hayvancilik Bakanligi tarafindan yurutulur. ... b) ... 8/6/1942 tarihli ve 4250 sayili Ispirto ve Ispirtolu Ickiler Inhisari Kanununun uygulanmasina yonelik islemlere ve bu islemlerin teknik kontrolune iliskin calismalari yurutmek.'",4250'nin uygulanmasi -> Tarim ve Orman Bakanligi (TADAB),-,T1,"4733 sayili Tutun, Tutun Mamulleri ve Alkol Piyasasinin Duzenlenmesine Dair Kanun, konsolide metin (TADAB yayini)",https://www.tarimorman.gov.tr/TADAB/Belgeler/Alkoll%C3%BC%20%C4%B0%C3%A7kiler/%C4%B0lgili%20Mevzuat%20D%C3%BCzenlemeleri/4733.pdf,2002-01-09,2017-12-24,2026-08-10,HIGH,FACT,180d,10-evidence/raw/snapshots/EV-2026-08-10-2xx_4733-sayili-kanun.pdf,mevzuat-ruhsat-uzmani,-,C-201,"Madde 4/B (Ek: 20/11/2017-KHK-696/78 md.; Aynen kabul: 1/2/2018-7079/73 md.). effective_date KHK-696'nin yururluk tarihidir (24/12/2017); kanunlasma 8/3/2018. BU KART C-201'IN BIR AYAGINI KAPATIR: '4250'yi uygulayacak merci ortadan kalkti' iddiasi YANLISTIR - 4250'nin uygulanmasi T1 duzeyinde acikca Bakanliga verilmistir. ANCAK bu, 4250 m.1/3'un ucuncu cumlesindeki TICARI mekanizmanin (fiyatlandirma/satis/dagitimin 'Tekel Genel Mudurlugu ELIYLE' yapilmasi) bugun kimin eliyle yapilacagini GOSTERMEZ; o soru ayrica UNKNOWN'dir (bkz. EV-2026-08-10-214)."
EV-2026-08-10-209,"4733 s.K. m.9/B (verbatim, kismi): 'Tutun ve tutun mamulleri ile alkol ve alkollu ickilerin ic ve dis ticareti, ... uretim sartini karsilamayan firma mamullerinin fiyatlandirilmasi, dagitilmasi, satisi ve kontrolu ile bayilikler verilmesi, ... ve 4250 sayili Ispirto ve Ispirtolu Ickiler Inhisari Kanunu ile bu Kanunun uygulanmasiyla ilgili diger usul ve esaslar Gida, Tarim ve Hayvancilik Bakanligi tarafindan cikarilacak yonetmeliklerle duzenlenir.'",uretim sartini karsilamayan firma mamullerinin fiyatlandirilmasi -> yonetmelige devredilmis yetki,-,T1,"4733 sayili Kanun m.9/B, konsolide metin (TADAB yayini)",https://www.tarimorman.gov.tr/TADAB/Belgeler/Alkoll%C3%BC%20%C4%B0%C3%A7kiler/%C4%B0lgili%20Mevzuat%20D%C3%BCzenlemeleri/4733.pdf,2002-01-09,2017-12-24,2026-08-10,HIGH,FACT,180d,10-evidence/raw/snapshots/EV-2026-08-10-2xx_4733-sayili-kanun.pdf,mevzuat-ruhsat-uzmani,-,C-201,"Madde 9/A mulga (KHK-696/82); 9/B yururluktedir, 'Kurum' ibareleri KHK-696 ile 'Gida, Tarim ve Hayvancilik Bakanligi' olarak degistirilmistir (effective_date bu degisiklige gore). ONEMI: kanun koyucu, sarti karsilamayan firmalarin urunlerinin fiyatlandirilmasi/dagitimi/satisi konusunu ACIKCA bir YONETMELIGE birakmistir. Alkol tarafinda bu yonetmelik 7.5.6203'tur ve o metinde boyle bir mekanizma KURULMAMISTIR (EV-2026-08-10-206). Bu kart yalnizca yetki devrini kaydeder; sonucu turetmez."
EV-2026-08-10-210,"4733 s.K. m.8 (verbatim, kismi): 'Yukarida sayilan fiiller disinda, bu Kanun ile 4250 sayili Kanuna veya bu kanunlara gore yururluge konulmus yonetmeliklere ya da Gida, Tarim ve Hayvancilik Bakanliginca verilen belgelerde yer alan sartlara uyulmadiginin tespiti halinde, ilgili gercek ve tuzel kisiler uyarilir ve aykiriligin giderilmesi icin uygun bir sure verilir. ... Verilen sure sonunda aykiriligin devam etmesi halinde veya aykiriligin giderilmesinin mumkun olmadigi hallerde sure verilmeksizin Gida, Tarim ve Hayvancilik Bakanliginca verilen belgeler iptal edilir.'",artik yaptirim: uyari -> sure -> BELGE IPTALI,-,T1,"4733 sayili Kanun m.8, konsolide metin (TADAB yayini)",https://www.tarimorman.gov.tr/TADAB/Belgeler/Alkoll%C3%BC%20%C4%B0%C3%A7kiler/%C4%B0lgili%20Mevzuat%20D%C3%BCzenlemeleri/4733.pdf,2002-01-09,2017-12-24,2026-08-10,HIGH,FACT,180d,10-evidence/raw/snapshots/EV-2026-08-10-2xx_4733-sayili-kanun.pdf,mevzuat-ruhsat-uzmani,-,C-201,PROJE ALEYHINE OLAN BULGU - RAPORDA GIZLENMEMISTIR. 4250'ye aykirilik yaptirimsiz DEGILDIR: sayilmayan tum aykiriliklar icin uyari + sure + BELGE IPTALI mekanizmasi vardir. Dolayisiyla 4250 m.1/3'teki 'ulke geneli yerinde teslim' SARTININ ihlali teorik olarak dagitim yetki belgesinin iptaline kadar gidebilir. Hacim esiginin ise bir 'sart ihlali' mi yoksa yalnizca bir 'serbestlik kazanma esigi' mi oldugu lafzen tartismalidir (bkz. EV-2026-08-10-201 notes).
EV-2026-08-10-211,4250 s.K. m.7 (Cezalar) yalnizca 'Bu Kanunun 6 nci maddesinin' fikralarina aykiriliklari yaptirima baglar; maddede m.1'e (ve dolayisiyla hacim esigine veya yerinde teslim sartina) atif yapan HICBIR idari para cezasi bendi yoktur.,4250 m.1 ihlaline bagli idari para cezasi: metinde YOK,metin ici tam sayim,T1,"4250 sayili Kanun m.7, konsolide metin (TADAB yayini)",https://www.tarimorman.gov.tr/TADAB/Belgeler/Alkoll%C3%BC%20%C4%B0%C3%A7kiler/%C4%B0lgili%20Mevzuat%20D%C3%BCzenlemeleri/4250.pdf,1942-06-12,2020-10-28,2026-08-10,HIGH,FACT,180d,10-evidence/raw/snapshots/EV-2026-08-09-2xx_4250-sayili-kanun.pdf,mevzuat-ruhsat-uzmani,-,-,m.7 (Yeniden duzenleme: 24/5/2013-6487/3 md.; son degisiklik 28/10/2020-7255/1 md. - effective_date bu son degisikliktir). Bentlerin tamami m.6'nin fikralarina atif yapar. BU KART TEK BASINA 'yaptirim yoktur' ANLAMINA GELMEZ: 4733 m.8'in artik hukmu (EV-2026-08-10-210) 4250'ye aykiriliklar icin belge iptali yolunu acik tutar. Ikisi birlikte okunmalidir.
EV-2026-08-10-212,"Yonetmelik m.9 ikinci fikra (verbatim): 'Uretici ve ithalatci firmalar, tuketici talepleri dogrultusunda alkollu icki bulundurmak zorunda olan perakende saticilarin taleplerini zamaninda karsilayacak dagitimi saglamak zorundadirlar.' Fikrada 'ulke genelinde' ve 'yerinde teslim' ifadeleri GECMEZ.",ikincil mevzuattaki dagitim yukumlulugu: 'talepleri zamaninda karsilayacak dagitimi saglamak',-,T1,Resmi Gazete 6/6/2003-25130 | Alkol ve Alkollu Ickilerin Ic ve Dis Ticaretine Iliskin Usul ve Esaslar Hakkinda Yonetmelik m.9/2 (TADAB konsolide metin),https://www.tarimorman.gov.tr/TADAB/Belgeler/Alkoll%C3%BC%20%C4%B0%C3%A7kiler/%C4%B0lgili%20Mevzuat%20D%C3%BCzenlemeleri/7.5.6203-yonetmelik.pdf,2003-06-06,2007-07-24,2026-08-10,HIGH,FACT,180d,10-evidence/raw/snapshots/EV-2026-08-09-2xx_ticaret-yonetmeligi-7.5.6203.pdf,mevzuat-ruhsat-uzmani,EV-2026-08-09-227,-,"OZ-DUZELTME: TUR 1 raporu (B-8 / ruhsat.yaml 'dagitim_yukumlulugu') Yonetmelik m.9/2'nin 4250 m.1/3'teki 'ulke genelinde her saticiya YERINDE TESLIM' sartini TEYIT ettigini yazmisti. Metin bunu SOYLEMIYOR: ikincil mevzuattaki yukumluluk daha dardir ve 'zamaninda karsilayacak dagitim' seklindedir. 'Ulke genelinde yerinde teslim' ifadesi YALNIZCA 4250 m.1/3'te (EV-2026-08-10-201) gecer. m.9 (Degisik: RG-6/7/2007-26574), degisiklikler 24/7/2007'de yururluge girmistir."
EV-2026-08-10-213,TADAB'in yayimladigi 'Resmi Istatistikler' serisinin en guncel donemi (2026 I. Ceyrek) YALNIZCA yakit biyoetanolu istatistiklerini icermektedir; alkollu icki ithalatcilarinin firma bazinda yillik faaliyet hacmi (litre) verisi yayimlanmamaktadir.,null,litre/yil/firma,T2,"Tarim ve Orman Bakanligi TADAB - Resmi Istatistikler, 2026 Yili I. Donem",https://www.tarimorman.gov.tr/TADAB/Belgeler/Resmi%20Istatistikler/2026%20Y%C4%B1l%C4%B1/2026_1_donem.pdf,UNKNOWN,-,2026-08-10,HIGH,UNKNOWN,90d,10-evidence/raw/snapshots/EV-2026-08-10-2xx_tadab-resmi-istatistik-2026-1c.pdf,mevzuat-ruhsat-uzmani,-,-,T-201'in onerilen dogrulama yollarindan biri 'esigin altinda faaliyet gosteren ithalatci firma varsa hukum fiilen uygulanmiyor demektir' idi. BU AMPIRIK YOL BU TURDA KAPALIDIR: TADAB firma bazinda hacim yayimlamiyor. Belge iceriginin tamami 5 yakit biyoetanolu ureticisi + 4 GTIP satiri ile sinirlidir. Yetkili Dagitim Firmalari Listesi'nin kendisi de (listede firma adlari olsa bile) HACIM icermez; dolayisiyla listeden esik altinda faaliyet KANITLANAMAZ. Bu yol ancak firmalarla dogrudan temasla yurur.
EV-2026-08-10-214,4619 s.K. Gecici m.1 / Yonetmelik Gecici m.6 ile Bakanlar Kuruluna (bugun Cumhurbaskanina) verilen 'olcuyu sifira indirme' yetkisinin kullanildigina dair yururlukteki bir Bakanlar Kurulu / Cumhurbaskani Karari BU TURDA TESPIT EDILEMEMISTIR. Ayrica 4250 m.1/3'teki 'Tekel Genel Mudurlugu eliyle fiyatlandirma/satis/dagitim' mekanizmasi icin bir HALEF TICARI MERCI belirleyen yururlukteki bir duzenleme de tespit edilememistir.,null,-,T2,Negatif arama: mevzuat.gov.tr ve resmigazete.gov.tr bu oturumda TLS ile erisilemedi (unable to get local issuer certificate); tarama TADAB (tarimorman.gov.tr) konsolide metinleri + web aramasi ile sinirli kaldi,https://www.tarimorman.gov.tr/TADAB/Belgeler/Alkoll%C3%BC%20%C4%B0%C3%A7kiler/%C4%B0lgili%20Mevzuat%20D%C3%BCzenlemeleri/7.5.6203-yonetmelik.pdf,-,-,2026-08-10,LOW,UNKNOWN,90d,-,mevzuat-ruhsat-uzmani,-,C-201,NEGATIF ISPAT YAPILAMAZ - 'boyle bir karar YOKTUR' seklinde FACT yazilmamistir. Aranan: (a) 2007 sonrasi olcuyu sifira indiren BKK/CBK; (b) Tekel Genel Mudurlugunun 4250 m.1/3 kapsamindaki TICARI islevinin halefini belirleyen duzenleme. Ikisi de bulunamadi. YON UYARISI: (a)'nin VAR olmasi projenin LEHINEDIR (esik tamamen kalkar); dolayisiyla bu UNKNOWN'in cozulmemesi muhafazakar yondedir. (b)'nin var olmasi projenin ALEYHINEDIR. Kapanis yolu: TADAB'a KEP ile yazili gorus talebi.
EV-2026-08-10-215,"750 ml ambalajda 4250 m.1/3 esigine ulasmak icin 1.000.000 litre/yil olcusunde 1.333.334 sise/yil, 600.000 litre/yil olcusunde 800.001 sise/yil gerekir. Projenin bes hacim senaryosunun tamami (5.000-100.000 sise/yil = 3.750-75.000 litre/yil) esigin altindadir; en buyuk senaryo bile 1.000.000 L olcusunun %7,5'i, 600.000 L olcusunun %12,5'idir.",3750 | 7500 | 18750 | 37500 | 75000,litre/yil (5.000 / 10.000 / 25.000 / 50.000 / 100.000 sise senaryolari),T2,Turetme karti: EV-2026-08-10-201 + EV-2026-08-10-204 + EV-2026-08-10-205 (T1 esik metinleri) uzerinde aritmetik,-,-,-,2026-08-10,HIGH,ESTIMATE,180d,-,mevzuat-ruhsat-uzmani,-,-,"TURETME ZINCIRI: 750 ml = 0,75 litre (00-charter/kapsam.md proje kapsam TANIMI - harici bir kaynak degildir, tier atanamaz). Hacim = sise x 0,75. 5.000x0,75=3.750; 10.000x0,75=7.500; 25.000x0,75=18.750; 50.000x0,75=37.500; 100.000x0,75=75.000 litre. Esige ulasmak icin: 1.000.000/0,75=1.333.333,3 -> 1.333.334 sise; 600.000/0,75=800.000 -> esigi ASMAK icin 800.001 sise. TIER GEREKCESI (baskanin T-904 kurali): turetmenin girdilerinden biri tier atanamayan bir proje tanimidir; bu nedenle turetmeye girdi metinlerinin T1'i VERILMEMIS, bir kademe dusuk T2 verilmistir. C-251 (600.000 mi 1.000.000 mi) bu sonuc icin MADDI DEGILDIR: her iki olcude de bes senaryonun besi de esigin altindadir."
EV-2026-08-10-216,"Yururlukteki operatif mevzuatta (Yonetmelik 7.5.6203 esas maddeleri + Teblig 2025/39) 4250 m.1/3'teki hacim olcusu ne bir ITHALAT IZNI esigi, ne bir DAGITIM YETKISI esigi, ne de bir BEDEL/TEMINAT sinifidir; bu olcunun tek islevi 4250 m.1/3 metnindeki FIYAT BELIRLEME SERBESTISI kosuludur ve ona bagli yaptirim mekanizmasi (Tekel Genel Mudurlugu eliyle fiyatlandirma/satis/dagitim) ikincil mevzuata AKTARILMAMISTIR.",esik turu: FIYATLANDIRMA SERBESTISI KOSULU (ithalat/dagitim/bedel esigi DEGIL),-,T2,"Turetme karti: EV-2026-08-10-201, -202, -204, -205, -206, -207, -209, -210 (T1) uzerinde hukuki analiz",-,-,-,2026-08-10,MEDIUM,ESTIMATE,90d,-,mevzuat-ruhsat-uzmani,-,C-201,"BU BIR TURETMEDIR, BIR IDARI MAKAM YORUMU DEGILDIR. Tier bilincli olarak T2 verilmistir: girdi metinlerinin tamami T1 olsa da SONUC bu ajanin hukuki analizidir ve T1 olarak okunamaz (baskanin T-904 kurali). Turetme adimlari: (1) Yonetmelik m.5/2+m.10+m.12'de ithalat/dagitim yetkisi icin asgari hacim sarti YOKTUR (EV-207); (2) bedel kirilimi 20.000 L'dir, 600.000/1.000.000 L degildir (EV-207 + EV-2026-08-09-206); (3) 4733 m.9/B esigi karsilamayan firmalarin fiyatlandirilmasini ACIKCA yonetmelige birakmistir (EV-209) ve o yonetmelikte 'fiyat' kelimesi HIC GECMEZ (EV-206); (4) 4250 m.1 son fikrasi 'her turlu sarabin' fiyatlandirilmasi/dagitilmasi/satilmasini m.1 sartlarindan muaf tutar (EV-202) - ki m.1/3'un yaptirimi tam olarak bu uc faaliyettir. KESIN KAPANIS TADAB YAZILI GORUSU GEREKTIRIR. Aleyhte kalan iki risk: C-252 (muafiyetin ithal saraba uygulanip uygulanmadigi) ve EV-210 (4733 m.8 artik yaptirimi)."
EV-2026-08-10-401,"Ulke bazinda siselenmis sarap ort. ihracat birim degeri (OIV turetmesi) — DEGERLER AYNI, L1 (FOB) KATMAN IDDIASI GERI CEKILDI, katman UNKNOWN",IT 4.39 / ES 2.87 / FR 7.79 / CL 2.68 / AU 4.99 / PT 3.43 / ZA 2.72 / US 7.89 / AR 3.75,EUR/litre,T3,"Turetme — OIV State of the World Wine Sector in 2025, Table 5 (katman revizyonu: T-902)",https://www.oiv.int/sites/default/files/2026-05/OIV-State_of_the_World_Wine_Sector_in_2025.pdf,2026-05,2025,2026-08-09,MEDIUM,ESTIMATE,1y,-,global-sourcing-kasifi,EV-2026-08-09-404,-,T-902. SADECE ETIKET DEGISTI; yeni arastirma YAPILMADI. Seri ES/PT/FR'de L2 CIF'ten BUYUK (L1>L2 tersligi) -> iki seri ayni maliyet merdiveninin basamaklari DEGIL. KULLANIM YASAGI: L1 girdisi olarak kullanilamaz; L2'den cikarilarak navlun turetilemez.
EV-2026-08-10-402,"f/p 750 ml icin alt/ust gosterge sinirlari — DEGERLER AYNI, 'FOB (L1) bandi' NITELEMESI GERI CEKILDI; alt sinir L0 ALTI, ust sinir L2, blok katmani YOK","alt 0.56 EUR/750 ml (L0 ALTI, yalnizca sivi); ust 1.85-2.40 USD/750 ml (L2 CIF)",EUR ve USD / 750 ml — BIRLESTIRILMEDI,T3,Turetme — EV-2026-08-09-402 + EV-2026-08-09-405 + EV-2026-08-09-419 (katman revizyonu: T-902),-,-,2025,2026-08-09,LOW,ESTIMATE,90d,-,global-sourcing-kasifi,EV-2026-08-09-421,-,T-902. TEKLIF DEGILDIR. Kur donusumu YAPILMADI. SENSITIVITY_BOUNDS_ONLY citi KORUNDU. Duyarlilik ciktisinda hangi sinirin hangi katmandan geldigi YAZILMAK ZORUNDA.
EV-2026-08-10-403,"Moldova siselenmis sakin sarap ort. ihracat fiyati 8A2025 = sise basina 1.98 USD (FACT); '750 ml basina' ve 'FOB (L1)' okumalari DOGRULANMADI, geri cekildi",1.98,USD/sise (sise hacmi kaynakta BELIRTILMEMIS),T4,Wine Intelligence / VinoVistara (kaynak ONVV / Wine of Moldova) — statu ve katman revizyonu: T-902,https://wine-intelligence.com/blogs/wine-analytics-pricing-report-data/moldova-s-wine-exports-in-the-first-8-months-of-2025-mixed-signals-in-a-transforming-market,2025-09-18,2025-01/2025-08,2026-08-09,MEDIUM,ESTIMATE,180d,-,global-sourcing-kasifi,EV-2026-08-09-419,-,T-902. DEGER DEGISMEDI. status FACT->ESTIMATE cunku modelde kullanilan bicim '1.98 USD / 750 ml'dir ve 750 ml VARSAYIMDIR. Katman UNKNOWN. EV-419'daki 'daha ucuz uclu karma' cikarimi onculunu varsaydigi icin GECERSIZ; gozlem korunur.
EV-2026-08-10-501,iyisarap.plus'ta stokta ithal sarap n=80; min 875 TL; 400-800 TL bandinda stokta ithal SKU YOK (DUZELTME KARTI),875.00,TRY,T4,iyisarap.plus Shopify urun feed'i,https://iyisarap.plus/collections/ithal-saraplar/products.json,UNKNOWN,2026-08-09,2026-08-09,MEDIUM,FACT,30d,-,turkiye-pazar-kasifi,EV-2026-08-09-509,C-501,TUR 1.5/T-903 duzeltmesi: publication_date 2026-08-10 > access_date idi; yeniden dogrulanamadigi icin UNKNOWN. Icerik degismedi. TEK KANAL uyarisi gecerli
EV-2026-08-10-502,iyisarap.plus'ta stokta yerli sarap n=394; min 460 TL; 600-800 TL bandinda 25 SKU (DUZELTME KARTI),460.00,TRY,T4,iyisarap.plus Shopify urun feed'i,https://iyisarap.plus/products.json,UNKNOWN,2026-08-09,2026-08-09,MEDIUM,FACT,30d,-,turkiye-pazar-kasifi,EV-2026-08-09-510,C-501,TUR 1.5/T-903 duzeltmesi: publication_date 2026-08-10 > access_date idi; yeniden dogrulanamadigi icin UNKNOWN. Icerik degismedi
EV-2026-08-10-503,Metro Turkiye'nin 2008/2009/2010 arsiv SARAP kataloglarinda fiyatlar KDV haric + KDV'li olarak CIFTLI gosterilmistir (kunye: 'fiyatlar KDV Haric ve KDV'li olarak verilmistir'),"131,36 / 155,00 KDV'li; 262,71 / 310,00 KDV'li; oran 1,18",TRY,T4,Metro Grosmarket Turkiye sarap katalogu (Metropost) - Web Archive,https://web.archive.org/web/20101214011531/http://www.metro-tr.com:80/metro_mail/mcc-tr/catalog/1183999/sarap_w.pdf,2010-12-09,2010-12-09,2026-08-10,HIGH,FACT,365d,-,turkiye-pazar-kasifi,-,C-551,TARIHSEL kayit; 2026 sonucunu degistirmez ama yontem riskini ifsa eder. Projenin buldugu TEK Metro SARAP kategorisi fiyat iletisimi. Pazarlama-yuvarlak sayi her ciftte KDV'li olandir
EV-2026-08-10-504,Benchmark SKU'lari icin 09.08.2026 disinda ikinci tarihli fiyat izi hicbir erisilebilir kaynakta bulunamadi; promosyon/normal ayrimi masabasindan kapatilamadi,UNKNOWN,-,T4,Negatif arama kaydi (Metro canli site/API/Web Archive/TR fiyat siteleri/web aramasi),https://guncelfiyatlar.metro-tr.com/shop,-,-,2026-08-10,HIGH,UNKNOWN,30d,-,turkiye-pazar-kasifi,-,-,T-504 dogrulama girisiminin tam kaydi; 8 ayri yol denendi hepsi kapali. Kapanis icin FIZIKSEL gozlem gerekir
